:0200000460009A
:100000004643464200000156000000000103030081
:1000100000000000000000000000000000000000E0
:1000200000000000000000000000000000000000D0
:1000300000000000000000000000000000000000C0
:1000400000000000010408000000000000000000A3
:100050000000800000000000000000000000000020
:100060000000000000000000000000000000000090
:100070000000000000000000000000000000000080
:10008000EB04180A063204260000000000000000FD
:10009000050404240000000000000000000000002F
:1000A0000000000000000000000000000000000050
:1000B0000604000000000000000000000000000036
:1000C0000000000000000000000000000000000030
:1000D00020041808000000000000000000000000DC
:1000E0000000000000000000000000000000000010
:1000F0000000000000000000000000000000000000
:10010000D8041808000000000000000000000000F3
:100110000204180804200000000000000000000095
:1001200000000000000000000000000000000000CF
:10013000600400000000000000000000000000005B
:1001400000000000000000000000000000000000AF
:10015000000000000000000000000000000000009F
:10016000000000000000000000000000000000008F
:10017000000000000000000000000000000000007F
:10018000000000000000000000000000000000006F
:10019000000000000000000000000000000000005F
:1001A000000000000000000000000000000000004F
:1001B000000000000000000000000000000000003F
:1001C000000100000010000001000000000000001D
:1001D000000001000000000000000000000000001E
:1001E000000000000000000000000000000000000F
:1001F00000000000000000000000000000000000FF
:10020000FFFFFFFFFFFFFFFFFFFFFFFFFFFFFFFFFE
:10021000FFFFFFFFFFFFFFFFFFFFFFFFFFFFFFFFEE
:10022000FFFFFFFFFFFFFFFFFFFFFFFFFFFFFFFFDE
:10023000FFFFFFFFFFFFFFFFFFFFFFFFFFFFFFFFCE
:10024000FFFFFFFFFFFFFFFFFFFFFFFFFFFFFFFFBE
:10025000FFFFFFFFFFFFFFFFFFFFFFFFFFFFFFFFAE
:10026000FFFFFFFFFFFFFFFFFFFFFFFFFFFFFFFF9E
:10027000FFFFFFFFFFFFFFFFFFFFFFFFFFFFFFFF8E
:10028000FFFFFFFFFFFFFFFFFFFFFFFFFFFFFFFF7E
:10029000FFFFFFFFFFFFFFFFFFFFFFFFFFFFFFFF6E
:1002A000FFFFFFFFFFFFFFFFFFFFFFFFFFFFFFFF5E
:1002B000FFFFFFFFFFFFFFFFFFFFFFFFFFFFFFFF4E
:1002C000FFFFFFFFFFFFFFFFFFFFFFFFFFFFFFFF3E
:1002D000FFFFFFFFFFFFFFFFFFFFFFFFFFFFFFFF2E
:1002E000FFFFFFFFFFFFFFFFFFFFFFFFFFFFFFFF1E
:1002F000FFFFFFFFFFFFFFFFFFFFFFFFFFFFFFFF0E
:10030000FFFFFFFFFFFFFFFFFFFFFFFFFFFFFFFFFD
:10031000FFFFFFFFFFFFFFFFFFFFFFFFFFFFFFFFED
:10032000FFFFFFFFFFFFFFFFFFFFFFFFFFFFFFFFDD
:10033000FFFFFFFFFFFFFFFFFFFFFFFFFFFFFFFFCD
:10034000FFFFFFFFFFFFFFFFFFFFFFFFFFFFFFFFBD
:10035000FFFFFFFFFFFFFFFFFFFFFFFFFFFFFFFFAD
:10036000FFFFFFFFFFFFFFFFFFFFFFFFFFFFFFFF9D
:10037000FFFFFFFFFFFFFFFFFFFFFFFFFFFFFFFF8D
:10038000FFFFFFFFFFFFFFFFFFFFFFFFFFFFFFFF7D
:10039000FFFFFFFFFFFFFFFFFFFFFFFFFFFFFFFF6D
:1003A000FFFFFFFFFFFFFFFFFFFFFFFFFFFFFFFF5D
:1003B000FFFFFFFFFFFFFFFFFFFFFFFFFFFFFFFF4D
:1003C000FFFFFFFFFFFFFFFFFFFFFFFFFFFFFFFF3D
:1003D000FFFFFFFFFFFFFFFFFFFFFFFFFFFFFFFF2D
:1003E000FFFFFFFFFFFFFFFFFFFFFFFFFFFFFFFF1D
:1003F000FFFFFFFFFFFFFFFFFFFFFFFFFFFFFFFF0D
:10040000FFFFFFFFFFFFFFFFFFFFFFFFFFFFFFFFFC
:10041000FFFFFFFFFFFFFFFFFFFFFFFFFFFFFFFFEC
:10042000FFFFFFFFFFFFFFFFFFFFFFFFFFFFFFFFDC
:10043000FFFFFFFFFFFFFFFFFFFFFFFFFFFFFFFFCC
:10044000FFFFFFFFFFFFFFFFFFFFFFFFFFFFFFFFBC
:10045000FFFFFFFFFFFFFFFFFFFFFFFFFFFFFFFFAC
:10046000FFFFFFFFFFFFFFFFFFFFFFFFFFFFFFFF9C
:10047000FFFFFFFFFFFFFFFFFFFFFFFFFFFFFFFF8C
:10048000FFFFFFFFFFFFFFFFFFFFFFFFFFFFFFFF7C
:10049000FFFFFFFFFFFFFFFFFFFFFFFFFFFFFFFF6C
:1004A000FFFFFFFFFFFFFFFFFFFFFFFFFFFFFFFF5C
:1004B000FFFFFFFFFFFFFFFFFFFFFFFFFFFFFFFF4C
:1004C000FFFFFFFFFFFFFFFFFFFFFFFFFFFFFFFF3C
:1004D000FFFFFFFFFFFFFFFFFFFFFFFFFFFFFFFF2C
:1004E000FFFFFFFFFFFFFFFFFFFFFFFFFFFFFFFF1C
:1004F000FFFFFFFFFFFFFFFFFFFFFFFFFFFFFFFF0C
:10050000FFFFFFFFFFFFFFFFFFFFFFFFFFFFFFFFFB
:10051000FFFFFFFFFFFFFFFFFFFFFFFFFFFFFFFFEB
:10052000FFFFFFFFFFFFFFFFFFFFFFFFFFFFFFFFDB
:10053000FFFFFFFFFFFFFFFFFFFFFFFFFFFFFFFFCB
:10054000FFFFFFFFFFFFFFFFFFFFFFFFFFFFFFFFBB
:10055000FFFFFFFFFFFFFFFFFFFFFFFFFFFFFFFFAB
:10056000FFFFFFFFFFFFFFFFFFFFFFFFFFFFFFFF9B
:10057000FFFFFFFFFFFFFFFFFFFFFFFFFFFFFFFF8B
:10058000FFFFFFFFFFFFFFFFFFFFFFFFFFFFFFFF7B
:10059000FFFFFFFFFFFFFFFFFFFFFFFFFFFFFFFF6B
:1005A000FFFFFFFFFFFFFFFFFFFFFFFFFFFFFFFF5B
:1005B000FFFFFFFFFFFFFFFFFFFFFFFFFFFFFFFF4B
:1005C000FFFFFFFFFFFFFFFFFFFFFFFFFFFFFFFF3B
:1005D000FFFFFFFFFFFFFFFFFFFFFFFFFFFFFFFF2B
:1005E000FFFFFFFFFFFFFFFFFFFFFFFFFFFFFFFF1B
:1005F000FFFFFFFFFFFFFFFFFFFFFFFFFFFFFFFF0B
:10060000FFFFFFFFFFFFFFFFFFFFFFFFFFFFFFFFFA
:10061000FFFFFFFFFFFFFFFFFFFFFFFFFFFFFFFFEA
:10062000FFFFFFFFFFFFFFFFFFFFFFFFFFFFFFFFDA
:10063000FFFFFFFFFFFFFFFFFFFFFFFFFFFFFFFFCA
:10064000FFFFFFFFFFFFFFFFFFFFFFFFFFFFFFFFBA
:10065000FFFFFFFFFFFFFFFFFFFFFFFFFFFFFFFFAA
:10066000FFFFFFFFFFFFFFFFFFFFFFFFFFFFFFFF9A
:10067000FFFFFFFFFFFFFFFFFFFFFFFFFFFFFFFF8A
:10068000FFFFFFFFFFFFFFFFFFFFFFFFFFFFFFFF7A
:10069000FFFFFFFFFFFFFFFFFFFFFFFFFFFFFFFF6A
:1006A000FFFFFFFFFFFFFFFFFFFFFFFFFFFFFFFF5A
:1006B000FFFFFFFFFFFFFFFFFFFFFFFFFFFFFFFF4A
:1006C000FFFFFFFFFFFFFFFFFFFFFFFFFFFFFFFF3A
:1006D000FFFFFFFFFFFFFFFFFFFFFFFFFFFFFFFF2A
:1006E000FFFFFFFFFFFFFFFFFFFFFFFFFFFFFFFF1A
:1006F000FFFFFFFFFFFFFFFFFFFFFFFFFFFFFFFF0A
:10070000FFFFFFFFFFFFFFFFFFFFFFFFFFFFFFFFF9
:10071000FFFFFFFFFFFFFFFFFFFFFFFFFFFFFFFFE9
:10072000FFFFFFFFFFFFFFFFFFFFFFFFFFFFFFFFD9
:10073000FFFFFFFFFFFFFFFFFFFFFFFFFFFFFFFFC9
:10074000FFFFFFFFFFFFFFFFFFFFFFFFFFFFFFFFB9
:10075000FFFFFFFFFFFFFFFFFFFFFFFFFFFFFFFFA9
:10076000FFFFFFFFFFFFFFFFFFFFFFFFFFFFFFFF99
:10077000FFFFFFFFFFFFFFFFFFFFFFFFFFFFFFFF89
:10078000FFFFFFFFFFFFFFFFFFFFFFFFFFFFFFFF79
:10079000FFFFFFFFFFFFFFFFFFFFFFFFFFFFFFFF69
:1007A000FFFFFFFFFFFFFFFFFFFFFFFFFFFFFFFF59
:1007B000FFFFFFFFFFFFFFFFFFFFFFFFFFFFFFFF49
:1007C000FFFFFFFFFFFFFFFFFFFFFFFFFFFFFFFF39
:1007D000FFFFFFFFFFFFFFFFFFFFFFFFFFFFFFFF29
:1007E000FFFFFFFFFFFFFFFFFFFFFFFFFFFFFFFF19
:1007F000FFFFFFFFFFFFFFFFFFFFFFFFFFFFFFFF09
:10080000FFFFFFFFFFFFFFFFFFFFFFFFFFFFFFFFF8
:10081000FFFFFFFFFFFFFFFFFFFFFFFFFFFFFFFFE8
:10082000FFFFFFFFFFFFFFFFFFFFFFFFFFFFFFFFD8
:10083000FFFFFFFFFFFFFFFFFFFFFFFFFFFFFFFFC8
:10084000FFFFFFFFFFFFFFFFFFFFFFFFFFFFFFFFB8
:10085000FFFFFFFFFFFFFFFFFFFFFFFFFFFFFFFFA8
:10086000FFFFFFFFFFFFFFFFFFFFFFFFFFFFFFFF98
:10087000FFFFFFFFFFFFFFFFFFFFFFFFFFFFFFFF88
:10088000FFFFFFFFFFFFFFFFFFFFFFFFFFFFFFFF78
:10089000FFFFFFFFFFFFFFFFFFFFFFFFFFFFFFFF68
:1008A000FFFFFFFFFFFFFFFFFFFFFFFFFFFFFFFF58
:1008B000FFFFFFFFFFFFFFFFFFFFFFFFFFFFFFFF48
:1008C000FFFFFFFFFFFFFFFFFFFFFFFFFFFFFFFF38
:1008D000FFFFFFFFFFFFFFFFFFFFFFFFFFFFFFFF28
:1008E000FFFFFFFFFFFFFFFFFFFFFFFFFFFFFFFF18
:1008F000FFFFFFFFFFFFFFFFFFFFFFFFFFFFFFFF08
:10090000FFFFFFFFFFFFFFFFFFFFFFFFFFFFFFFFF7
:10091000FFFFFFFFFFFFFFFFFFFFFFFFFFFFFFFFE7
:10092000FFFFFFFFFFFFFFFFFFFFFFFFFFFFFFFFD7
:10093000FFFFFFFFFFFFFFFFFFFFFFFFFFFFFFFFC7
:10094000FFFFFFFFFFFFFFFFFFFFFFFFFFFFFFFFB7
:10095000FFFFFFFFFFFFFFFFFFFFFFFFFFFFFFFFA7
:10096000FFFFFFFFFFFFFFFFFFFFFFFFFFFFFFFF97
:10097000FFFFFFFFFFFFFFFFFFFFFFFFFFFFFFFF87
:10098000FFFFFFFFFFFFFFFFFFFFFFFFFFFFFFFF77
:10099000FFFFFFFFFFFFFFFFFFFFFFFFFFFFFFFF67
:1009A000FFFFFFFFFFFFFFFFFFFFFFFFFFFFFFFF57
:1009B000FFFFFFFFFFFFFFFFFFFFFFFFFFFFFFFF47
:1009C000FFFFFFFFFFFFFFFFFFFFFFFFFFFFFFFF37
:1009D000FFFFFFFFFFFFFFFFFFFFFFFFFFFFFFFF27
:1009E000FFFFFFFFFFFFFFFFFFFFFFFFFFFFFFFF17
:1009F000FFFFFFFFFFFFFFFFFFFFFFFFFFFFFFFF07
:100A0000FFFFFFFFFFFFFFFFFFFFFFFFFFFFFFFFF6
:100A1000FFFFFFFFFFFFFFFFFFFFFFFFFFFFFFFFE6
:100A2000FFFFFFFFFFFFFFFFFFFFFFFFFFFFFFFFD6
:100A3000FFFFFFFFFFFFFFFFFFFFFFFFFFFFFFFFC6
:100A4000FFFFFFFFFFFFFFFFFFFFFFFFFFFFFFFFB6
:100A5000FFFFFFFFFFFFFFFFFFFFFFFFFFFFFFFFA6
:100A6000FFFFFFFFFFFFFFFFFFFFFFFFFFFFFFFF96
:100A7000FFFFFFFFFFFFFFFFFFFFFFFFFFFFFFFF86
:100A8000FFFFFFFFFFFFFFFFFFFFFFFFFFFFFFFF76
:100A9000FFFFFFFFFFFFFFFFFFFFFFFFFFFFFFFF66
:100AA000FFFFFFFFFFFFFFFFFFFFFFFFFFFFFFFF56
:100AB000FFFFFFFFFFFFFFFFFFFFFFFFFFFFFFFF46
:100AC000FFFFFFFFFFFFFFFFFFFFFFFFFFFFFFFF36
:100AD000FFFFFFFFFFFFFFFFFFFFFFFFFFFFFFFF26
:100AE000FFFFFFFFFFFFFFFFFFFFFFFFFFFFFFFF16
:100AF000FFFFFFFFFFFFFFFFFFFFFFFFFFFFFFFF06
:100B0000FFFFFFFFFFFFFFFFFFFFFFFFFFFFFFFFF5
:100B1000FFFFFFFFFFFFFFFFFFFFFFFFFFFFFFFFE5
:100B2000FFFFFFFFFFFFFFFFFFFFFFFFFFFFFFFFD5
:100B3000FFFFFFFFFFFFFFFFFFFFFFFFFFFFFFFFC5
:100B4000FFFFFFFFFFFFFFFFFFFFFFFFFFFFFFFFB5
:100B5000FFFFFFFFFFFFFFFFFFFFFFFFFFFFFFFFA5
:100B6000FFFFFFFFFFFFFFFFFFFFFFFFFFFFFFFF95
:100B7000FFFFFFFFFFFFFFFFFFFFFFFFFFFFFFFF85
:100B8000FFFFFFFFFFFFFFFFFFFFFFFFFFFFFFFF75
:100B9000FFFFFFFFFFFFFFFFFFFFFFFFFFFFFFFF65
:100BA000FFFFFFFFFFFFFFFFFFFFFFFFFFFFFFFF55
:100BB000FFFFFFFFFFFFFFFFFFFFFFFFFFFFFFFF45
:100BC000FFFFFFFFFFFFFFFFFFFFFFFFFFFFFFFF35
:100BD000FFFFFFFFFFFFFFFFFFFFFFFFFFFFFFFF25
:100BE000FFFFFFFFFFFFFFFFFFFFFFFFFFFFFFFF15
:100BF000FFFFFFFFFFFFFFFFFFFFFFFFFFFFFFFF05
:100C0000FFFFFFFFFFFFFFFFFFFFFFFFFFFFFFFFF4
:100C1000FFFFFFFFFFFFFFFFFFFFFFFFFFFFFFFFE4
:100C2000FFFFFFFFFFFFFFFFFFFFFFFFFFFFFFFFD4
:100C3000FFFFFFFFFFFFFFFFFFFFFFFFFFFFFFFFC4
:100C4000FFFFFFFFFFFFFFFFFFFFFFFFFFFFFFFFB4
:100C5000FFFFFFFFFFFFFFFFFFFFFFFFFFFFFFFFA4
:100C6000FFFFFFFFFFFFFFFFFFFFFFFFFFFFFFFF94
:100C7000FFFFFFFFFFFFFFFFFFFFFFFFFFFFFFFF84
:100C8000FFFFFFFFFFFFFFFFFFFFFFFFFFFFFFFF74
:100C9000FFFFFFFFFFFFFFFFFFFFFFFFFFFFFFFF64
:100CA000FFFFFFFFFFFFFFFFFFFFFFFFFFFFFFFF54
:100CB000FFFFFFFFFFFFFFFFFFFFFFFFFFFFFFFF44
:100CC000FFFFFFFFFFFFFFFFFFFFFFFFFFFFFFFF34
:100CD000FFFFFFFFFFFFFFFFFFFFFFFFFFFFFFFF24
:100CE000FFFFFFFFFFFFFFFFFFFFFFFFFFFFFFFF14
:100CF000FFFFFFFFFFFFFFFFFFFFFFFFFFFFFFFF04
:100D0000FFFFFFFFFFFFFFFFFFFFFFFFFFFFFFFFF3
:100D1000FFFFFFFFFFFFFFFFFFFFFFFFFFFFFFFFE3
:100D2000FFFFFFFFFFFFFFFFFFFFFFFFFFFFFFFFD3
:100D3000FFFFFFFFFFFFFFFFFFFFFFFFFFFFFFFFC3
:100D4000FFFFFFFFFFFFFFFFFFFFFFFFFFFFFFFFB3
:100D5000FFFFFFFFFFFFFFFFFFFFFFFFFFFFFFFFA3
:100D6000FFFFFFFFFFFFFFFFFFFFFFFFFFFFFFFF93
:100D7000FFFFFFFFFFFFFFFFFFFFFFFFFFFFFFFF83
:100D8000FFFFFFFFFFFFFFFFFFFFFFFFFFFFFFFF73
:100D9000FFFFFFFFFFFFFFFFFFFFFFFFFFFFFFFF63
:100DA000FFFFFFFFFFFFFFFFFFFFFFFFFFFFFFFF53
:100DB000FFFFFFFFFFFFFFFFFFFFFFFFFFFFFFFF43
:100DC000FFFFFFFFFFFFFFFFFFFFFFFFFFFFFFFF33
:100DD000FFFFFFFFFFFFFFFFFFFFFFFFFFFFFFFF23
:100DE000FFFFFFFFFFFFFFFFFFFFFFFFFFFFFFFF13
:100DF000FFFFFFFFFFFFFFFFFFFFFFFFFFFFFFFF03
:100E0000FFFFFFFFFFFFFFFFFFFFFFFFFFFFFFFFF2
:100E1000FFFFFFFFFFFFFFFFFFFFFFFFFFFFFFFFE2
:100E2000FFFFFFFFFFFFFFFFFFFFFFFFFFFFFFFFD2
:100E3000FFFFFFFFFFFFFFFFFFFFFFFFFFFFFFFFC2
:100E4000FFFFFFFFFFFFFFFFFFFFFFFFFFFFFFFFB2
:100E5000FFFFFFFFFFFFFFFFFFFFFFFFFFFFFFFFA2
:100E6000FFFFFFFFFFFFFFFFFFFFFFFFFFFFFFFF92
:100E7000FFFFFFFFFFFFFFFFFFFFFFFFFFFFFFFF82
:100E8000FFFFFFFFFFFFFFFFFFFFFFFFFFFFFFFF72
:100E9000FFFFFFFFFFFFFFFFFFFFFFFFFFFFFFFF62
:100EA000FFFFFFFFFFFFFFFFFFFFFFFFFFFFFFFF52
:100EB000FFFFFFFFFFFFFFFFFFFFFFFFFFFFFFFF42
:100EC000FFFFFFFFFFFFFFFFFFFFFFFFFFFFFFFF32
:100ED000FFFFFFFFFFFFFFFFFFFFFFFFFFFFFFFF22
:100EE000FFFFFFFFFFFFFFFFFFFFFFFFFFFFFFFF12
:100EF000FFFFFFFFFFFFFFFFFFFFFFFFFFFFFFFF02
:100F0000FFFFFFFFFFFFFFFFFFFFFFFFFFFFFFFFF1
:100F1000FFFFFFFFFFFFFFFFFFFFFFFFFFFFFFFFE1
:100F2000FFFFFFFFFFFFFFFFFFFFFFFFFFFFFFFFD1
:100F3000FFFFFFFFFFFFFFFFFFFFFFFFFFFFFFFFC1
:100F4000FFFFFFFFFFFFFFFFFFFFFFFFFFFFFFFFB1
:100F5000FFFFFFFFFFFFFFFFFFFFFFFFFFFFFFFFA1
:100F6000FFFFFFFFFFFFFFFFFFFFFFFFFFFFFFFF91
:100F7000FFFFFFFFFFFFFFFFFFFFFFFFFFFFFFFF81
:100F8000FFFFFFFFFFFFFFFFFFFFFFFFFFFFFFFF71
:100F9000FFFFFFFFFFFFFFFFFFFFFFFFFFFFFFFF61
:100FA000FFFFFFFFFFFFFFFFFFFFFFFFFFFFFFFF51
:100FB000FFFFFFFFFFFFFFFFFFFFFFFFFFFFFFFF41
:100FC000FFFFFFFFFFFFFFFFFFFFFFFFFFFFFFFF31
:100FD000FFFFFFFFFFFFFFFFFFFFFFFFFFFFFFFF21
:100FE000FFFFFFFFFFFFFFFFFFFFFFFFFFFFFFFF11
:100FF000FFFFFFFFFFFFFFFFFFFFFFFFFFFFFFFF01
:10100000D10020434D1600600000000000000000E9
:101010002010006000100060001801600000000057
:10102000000000600024010000000000FFFFFFFF3F
:10103000FFFFFFFFFFFFFFFFFFFFFFFFFFFFFFFFC0
:10104000FFFFFFFFFFFFFFFFFFFFFFFFFFFFFFFFB0
:10105000FFFFFFFFFFFFFFFFFFFFFFFFFFFFFFFFA0
:10106000FFFFFFFFFFFFFFFFFFFFFFFFFFFFFFFF90
:10107000FFFFFFFFFFFFFFFFFFFFFFFFFFFFFFFF80
:10108000FFFFFFFFFFFFFFFFFFFFFFFFFFFFFFFF70
:10109000FFFFFFFFFFFFFFFFFFFFFFFFFFFFFFFF60
:1010A000FFFFFFFFFFFFFFFFFFFFFFFFFFFFFFFF50
:1010B000FFFFFFFFFFFFFFFFFFFFFFFFFFFFFFFF40
:1010C000FFFFFFFFFFFFFFFFFFFFFFFFFFFFFFFF30
:1010D000FFFFFFFFFFFFFFFFFFFFFFFFFFFFFFFF20
:1010E000FFFFFFFFFFFFFFFFFFFFFFFFFFFFFFFF10
:1010F000FFFFFFFFFFFFFFFFFFFFFFFFFFFFFFFF00
:10110000FFFFFFFFFFFFFFFFFFFFFFFFFFFFFFFFEF
:10111000FFFFFFFFFFFFFFFFFFFFFFFFFFFFFFFFDF
:10112000FFFFFFFFFFFFFFFFFFFFFFFFFFFFFFFFCF
:10113000FFFFFFFFFFFFFFFFFFFFFFFFFFFFFFFFBF
:10114000FFFFFFFFFFFFFFFFFFFFFFFFFFFFFFFFAF
:10115000FFFFFFFFFFFFFFFFFFFFFFFFFFFFFFFF9F
:10116000FFFFFFFFFFFFFFFFFFFFFFFFFFFFFFFF8F
:10117000FFFFFFFFFFFFFFFFFFFFFFFFFFFFFFFF7F
:10118000FFFFFFFFFFFFFFFFFFFFFFFFFFFFFFFF6F
:10119000FFFFFFFFFFFFFFFFFFFFFFFFFFFFFFFF5F
:1011A000FFFFFFFFFFFFFFFFFFFFFFFFFFFFFFFF4F
:1011B000FFFFFFFFFFFFFFFFFFFFFFFFFFFFFFFF3F
:1011C000FFFFFFFFFFFFFFFFFFFFFFFFFFFFFFFF2F
:1011D000FFFFFFFFFFFFFFFFFFFFFFFFFFFFFFFF1F
:1011E000FFFFFFFFFFFFFFFFFFFFFFFFFFFFFFFF0F
:1011F000FFFFFFFFFFFFFFFFFFFFFFFFFFFFFFFFFF
:10120000FFFFFFFFFFFFFFFFFFFFFFFFFFFFFFFFEE
:10121000FFFFFFFFFFFFFFFFFFFFFFFFFFFFFFFFDE
:10122000FFFFFFFFFFFFFFFFFFFFFFFFFFFFFFFFCE
:10123000FFFFFFFFFFFFFFFFFFFFFFFFFFFFFFFFBE
:10124000FFFFFFFFFFFFFFFFFFFFFFFFFFFFFFFFAE
:10125000FFFFFFFFFFFFFFFFFFFFFFFFFFFFFFFF9E
:10126000FFFFFFFFFFFFFFFFFFFFFFFFFFFFFFFF8E
:10127000FFFFFFFFFFFFFFFFFFFFFFFFFFFFFFFF7E
:10128000FFFFFFFFFFFFFFFFFFFFFFFFFFFFFFFF6E
:10129000FFFFFFFFFFFFFFFFFFFFFFFFFFFFFFFF5E
:1012A000FFFFFFFFFFFFFFFFFFFFFFFFFFFFFFFF4E
:1012B000FFFFFFFFFFFFFFFFFFFFFFFFFFFFFFFF3E
:1012C000FFFFFFFFFFFFFFFFFFFFFFFFFFFFFFFF2E
:1012D000FFFFFFFFFFFFFFFFFFFFFFFFFFFFFFFF1E
:1012E000FFFFFFFFFFFFFFFFFFFFFFFFFFFFFFFF0E
:1012F000FFFFFFFFFFFFFFFFFFFFFFFFFFFFFFFFFE
:10130000FFFFFFFFFFFFFFFFFFFFFFFFFFFFFFFFED
:10131000FFFFFFFFFFFFFFFFFFFFFFFFFFFFFFFFDD
:10132000FFFFFFFFFFFFFFFFFFFFFFFFFFFFFFFFCD
:10133000FFFFFFFFFFFFFFFFFFFFFFFFFFFFFFFFBD
:10134000FFFFFFFFFFFFFFFFFFFFFFFFFFFFFFFFAD
:10135000FFFFFFFFFFFFFFFFFFFFFFFFFFFFFFFF9D
:10136000FFFFFFFFFFFFFFFFFFFFFFFFFFFFFFFF8D
:10137000FFFFFFFFFFFFFFFFFFFFFFFFFFFFFFFF7D
:10138000FFFFFFFFFFFFFFFFFFFFFFFFFFFFFFFF6D
:10139000FFFFFFFFFFFFFFFFFFFFFFFFFFFFFFFF5D
:1013A000FFFFFFFFFFFFFFFFFFFFFFFFFFFFFFFF4D
:1013B000FFFFFFFFFFFFFFFFFFFFFFFFFFFFFFFF3D
:1013C000FFFFFFFFFFFFFFFFFFFFFFFFFFFFFFFF2D
:1013D000FFFFFFFFFFFFFFFFFFFFFFFFFFFFFFFF1D
:1013E000FFFFFFFFFFFFFFFFFFFFFFFFFFFFFFFF0D
:1013F000FFFFFFFFFFFFFFFFFFFFFFFFFFFFFFFFFD
:10140000814205D051F8043B40F8043B8242F9D8B0
:10141000704700BF044A05494FF0000342F8043BFF
:101420009142FBD8704700BFC01A00200054002032
:101430002DE98848BFF34F8F00BF00BF00BF00BF3A
:1014400000F042F9684B0822C3F8542100BF00BFE6
:1014500000BF00BF00BF00BF00BF00BF00BF00BF94
:1014600000BF00BF00BF00BF00BF00BF5F4A6049B0
:101470006048FFF7C5FF604A60496148FFF7C0FF59
:10148000604CFFF7C7FF4FF470004FF0E0210023DE
:101490005D4AC1F8880D44F823200133B02BFAD1FE
:1014A0005A4B80215A4A03F8011B9342FBD14FF05B
:1014B000E0254D4E4FF08039DFF884B1DFF884A18C
:1014C0004FF0FF31C5F8084D0027C6F80491C6F863
:1014D00000B1C6F8F490C6F8F0A0D5F8243DDFF8C6
:1014E000688143F4E0234B4AC5F8243DD8F81C300A
:1014F00023F07F0343F04003C8F81C30D8F82430B1
:1015000023F07F0343F04003C8F824309166D1668E
:101510001167516700F0E0F83F4B4049A363404B2F
:10152000E36363236B610323AF612B613D4BC5F81C
:10153000203DD5F8FC3D43F08073C5F8FC3D3A4BA7
:101540001A6842F001021A605B680B6000F00EFB43
:10155000C6F804913548C6F800B1C6F8F490C6F84C
:10156000F0A000F06DFCD8F86C10314B314A41F41A
:101570004051C8F86C101F60C3F80871C3F81871A7
:10158000C3F82871C3F83871936BDB0708D442F6AF
:101590001563294951651365936B43F00103936308
:1015A000244A264C936843F00113936000F01CF921
:1015B00000F060F800F050FC00F006FB00F086F848
:1015C0002368132BFCD900F097FB2368B3F5967FB3
:1015D000FBD300F07FF800F07BF800F035FC00F062
:1015E00043FC30BFFDE700BF00800D40E8DA00009B
:1015F0009C21006000000000C01A002088FC0060F0
:101600000000002000180020FDB8000000E400E009
:10161000A0E400E000C00A403DAE000030530020CE
:1016200041AE000000002020001000E00046C3236F
:101630000040084000400D400000C05634530020D8
:101640001B1018200C0D111300C00F40054B4FF458
:101650002A01054A05485A641864054A9963954663
:10166000FFF7E6FE00C00A40AFAAAAAA07002000C2
:1016700000000720104BA020104AD96E41F44031E1
:1016800010B4D96640F23764D96E41F44071D9661E
:1016900054649064936C1B06FCD4094A40F2376191
:1016A000A02351649364936C13F08003FBD1054A2B
:1016B00013705DF8044B704700C00F4000400C40B1
:1016C00000800C40C3530020704700BF704700BF2C
:1016D000704700BF00BF704710B44FF0E0230021F7
:1016E00010243148C3F8941DC3F89C4D1124C3F84D
:1016F000A00D2E48C3F89C4D1224C3F8A00D2C4811
:10170000C3F89C4D2B4AC3F8A00D2B4C42F0150298
:101710002A48C3F89C4DC3F8A00D294C2948C3F8AA
:101720009C4DC3F8A00D284CC3F89C2D2748284A8F
:10173000C3F8A04DC3F89C0DC3F8A02D02F5A0225C
:10174000244C0C322448C3F89C4DC3F8A02D234AE6
:10175000C3F89C0D224CC3F8A02D02F14062C3F8DF
:101760009C4D2048C3F8A02D0C32C3F89C0DC3F843
:10177000A02D00BF00BF00BF00BF00BF0122C3F803
:10178000942DBFF34F8FBFF36F8FC3F8501FBFF37C
:101790004F8FBFF36F8FD3F8142D5DF8044B42F4D5
:1017A0004032C3F8142D70473F0000102500080791
:1017B000090010000054002013002000210002073F
:1017C0001400002025000813090000101600202036
:1017D00027000B1317000040180000602F000B07B4
:1017E000190000701A000080F0B5B84B1822B84EEE
:1017F0000120B84F83B0C3F85C62B749C3F8607288
:10180000B64DC3F86462A6F53046B54CC3F86862BD
:10181000C3F86C52C3F87052C3F87452C3F87852CC
:1018200048F20C75DA661A675A679A67DA67C3F87E
:101830008020C3F88420C3F88820C1F82C03A94A6B
:10184000C1F83003C1F83403C1F83803C1F83C03D0
:10185000C1F85003A169A44B0A40A448A44913430A
:10186000A44AA361D4F8843043F00C03C4F8843054
:101870004FF0FF34036843F00203036003682B401A
:101880004FF400551A439C4B026044608A689B4C9D
:1018900013409B4A43F000538360C36823F07803EE
:1018A000C360036A134023430362036A1340954AEB
:1018B0002343954C43628262C2620022D1F8B83061
:1018C00023F03F0343F00103C0F8B830D1F8BC3037
:1018D0008E4923F03F0343F00103C0F8BC3040F2CF
:1018E0000563026105660467C0F880304566446799
:1018F0000224C0F88430036823F00203036081618E
:10190000834B8449C46143F8042B8B42FBD1774A53
:10191000136843F001031360136813F00103FBD154
:101920007A48022140F2F564906140F29940D16119
:1019300040F26641C2F8004242F20144C2F810127D
:101940007549C2F82002C2F8301240F2354173489E
:10195000C2F83442C2F84012714CC2F8500242F24E
:1019600001207049C2F854120121C2F86042C2F845
:1019700064025E48C2F8A030C2F8A430C2F8B010C9
:101980004369DA07FCD5012300244FF4803257491C
:101990004361C0F8A040C0F8A420C0F8B0304B6943
:1019A000DB07FCD5012300244FF400304F4A4B6184
:1019B000C1F8A040C1F8A400C1F8B0305369DF07F6
:1019C000FCD501230024584848495361C2F8A0407F
:1019D000C2F8A400C2F8B0304B69DE07FCD5D1F8DC
:1019E000003145F60D5221209BB24861934265D1EA
:1019F00000244FF4802201233C48C1F8A040C1F8E4
:101A0000A420C1F8B0304369DD07FCD501234FF4B1
:101A100000040021354A4361C0F8A040C0F8A4107A
:101A2000C0F8B0305369DC07FCD501234FF4000443
:101A30004FF480302D495361C2F8A040C2F8A40091
:101A4000C2F8B0304B69D807FCD501234FF400042D
:101A50004FF40030254A4B61C1F8A040C1F8A40002
:101A6000C1F8B0305369D907FCD501234FF4000405
:101A70002D481E495361C2F8A040C2F8A400C2F824
:101A8000B0304B69DA07FCD5D1F8003145F60D527C
:101A900021209BB24861934250D008254FF40004A6
:101AA00022490020224B234A009015705A1A012324
:101AB0002148224400F0DCF903B0F0BD1E4B0022A7
:101AC000C3E90022C3E9022203B0F0BD00801F4039
:101AD000F9B00100F910010000841F40F970010005
:101AE00000C00F40FFFCFF1F000300A000402A4081
:101AF00000802A401200FFFFFF37F70040000080FF
:101B000000FFF07CFF000F8363000200F05AF05AE0
:101B100000422A4000432A409F041830EB06180A6E
:101B20003806180A0632012604000300000000707F
:101B300000000070C4530020B45200204FF4000491
:101B40004FF4802201230848C1F8A040C1F8A42026
:101B5000C1F8B0304369DB07FCD5012310254FF0F5
:101B6000807443619CE700BF00402A40F0B4154AEE
:101B700040274FF480314FF480564FF400554FF416
:101B8000404443F24200136913F0020F0ED113F4E4
:101B9000005F0FD013F4805F0ED0002BF3DA13F444
:101BA000803F0BD15B060BD5F0BC7047946151614F
:101BB0009061E8E75561E6E75661E4E79161E2E7A5
:101BC0005761E0E700800D403F4A03203F49F3EEB4
:101BD000095AD2F880304FF0000C9FED3D6A23F097
:101BE00001039FED3C5A30B4C2F88030C2F8900037
:101BF000D1F8E010384DCBB2384C39482B6007EEA5
:101C0000903A0B0DC1F30B21F8EEE77A06EE903A0D
:101C100007EE101A334BB8EEC77A2160F8EEE66A89
:101C2000314937EEC66A37EEC55A76EEC76A77EEA7
:101C3000E57A26EE266AC3ED006A25EE265AD2F82A
:101C4000803067EEA64AC0ED007AC6EE275A2748D4
:101C500085EE276AC4EEA76A75EE875AFCEEE55A50
:101C600036EE076A15EE904ABCEEC66A43EA0453A4
:101C700076EE877AC2F8803016EE103AD2F89041AC
:101C8000FCEEE77A01EA0341214317EE903AC2F8ED
:101C90009011C3F30B03D2F890110B431449C2F80F
:101CA0009031D2F8803043F00203C2F88030114BFB
:101CB00080F840C0C1F840314FF0E023012230BC31
:101CC000C3F80821704700BF00810D4000441F4049
:101CD0000000AA420000B4421C5300201853002008
:101CE00020530020245300200000FF0F00E400E0F8
:101CF00000180020C1BA0000314B40F6617210B5E7
:101D0000C3F8202140F2044400F0AAF82D4A2E49DD
:101D1000D2F880302D4843F00303C2F880302C4BBA
:101D2000C1F8604102681A4203D1D1F8A8319A077C
:101D30001BD0254A4FF00041244B5963D2F8403163
:101D400043F00203C2F84031D2F840319B07FBD484
:101D50004FF400304FF0E0211C4B4FF00042C1F82F
:101D60008C0219209A6300F087F8184A4FF08040DF
:101D7000154C002190630A20164B11604FF420721D
:101D8000C4F8A801184600F063F84FF48002034637
:101D90004FF4810040F243111860C4F858311A64BE
:101DA0000D4B0E4AC4F84811C3F804224FF0E0224C
:101DB0004FF400310123C2F80C11C4F8403110BDBA
:101DC00000800D4000C00F4000002E4000900D40EC
:101DD000001C1E000000002000180020A9BC00000C
:101DE00008B50E4B1B6E9B0700D4FBBE72B60C4BA6
:101DF00000200C4AC3F8400103F160430A49A3F5EF
:101E00005F2311649D46BFF34F8F4FF400130748C3
:101E1000074ADB6902609B68984700BF00441F4087
:101E200000002E4000C00A40030020000080202057
:101E3000000012EBF8B500BFF8BC08BC9E46704726
:101E40005FF800F055B200005FF800F065D60000C2
:101E50005FF800F005D500005FF800F031CD00001C
:101E60005FF800F019C400005FF800F029B7000027
:101E70005FF800F071CE00005FF800F045B500009B
:101E800045000000892B00003536000069AD0000D8
:041E900001AF00009E
:101E9400000099C5ABCE320BCFD8561D6416FDD3C6
:101EA40007F49E31AC3A35FFC82C51E963E2FA27B6
:101EB40097AD0E683C63A5A65875C1B0F3BB6A7EA6
:101EC4009059099C3B97A2525F81C644F44F6D8A96
:101ED4002E5BB79E85951C50E18378464A4DD38886
:101EE40029AFB06A82611BA4E6777FB24DB9D47C76
:101EF400B9F6203312388BFD762EEFEBDDE0442566
:101F0400BE0227C715CC8C0971DAE81FDA1443D155
:101F1400C5F35C366E3DF7F80A2B93EEA1E5382045
:101F2400C2075BC269C9F00C0DDF941AA6113FD435
:101F3400525ECB9BF99060559D8604433648AF8D25
:101F440055AACC6FFE6467A19A7203B731BCA87915
:101F5400EBA8726D4066D9A32470BDB58FBE167B05
:101F6400EC5C75994792DE572384BA41884A118FF5
:101F74007C05E5C0D7CB4E0EB3DD2A18181381D6E5
:101F84007BF1E234D03F49FAB4292DEC1FE78622D5
:101F940013A28A67B86C21A9DC7A45BF77B4EE71C5
:101FA40014568D93BF98265DDB8E424B7040E985B5
:101FB400840F1DCA2FC1B6044BD7D212E01979DCA5
:101FC40083FB1A3E2835B1F04C23D5E6E7ED7E2895
:101FD4003DF9A43C96370FF2F2216BE459EFC02A85
:101FE4003A0DA3C891C30806F5D56C105E1BC7DE75
:101FF400AA543391019A985F658CFC49CE42578765
:10200400ADA03465066E9FAB6278FBBDC9B6507354
:10201400D6514F947D9FE45A1989804CB2472B8244
:10202400D1A548607A6BE3AE1E7D87B8B5B32C7634
:1020340041FCD839EA3273F78E2417E125EABC2F24
:102044004608DFCDEDC6740389D01015221EBBDB14
:10205400F80A61CF53C4CA0137D2AE179C1C05D904
:10206400FFFE663B5430CDF53026A9E39BE8022DF4
:102074006FA7F662C4695DACA07F39BA0BB19274E4
:102084006853F196C39D5A58A78B3E4E0C459580D4
:1020940016035500530042002000530065007200EF
:1020A400690061006C0000001803540065006500BD
:1020B4006E00730079006400750069006E006F00A3
:1020C4000403090409026200030100C032080B0082
:1020D40002020201000904000001020201000524B9
:1020E4000010010524010101042402060524060050
:1020F400010705820310001009040100020A000010
:10210400000705030240000007058402400000099F
:1021140004020002FF6AFF00070581024000010774
:10212400050102400001000009026200030100C031
:1021340032080B000202020100090400000102023D
:1021440001000524001001052401010104240206F4
:102154000524060001070582031000050904010097
:10216400020A0000000705030200020007058402BA
:102174000002000904020002FF6AC7000705810289
:102184000002010705010200020100000A06000224
:08219400EF0201400100000010
:10219C000000000000000000000000000000000033
:1021AC000000000000000000000000000000000023
:1021BC000548064B1B1AD90F01EBA301491002D09D
:1021CC00034B03B118477047C01A0020C01A0020F7
:1021DC000000000008B5054B1BB105490548AFF3DD
:1021EC000080BDE80840FFF7E3BF00BF000000001F
:1021FC00C85200200024016000207047704700BFC7
:10220C0000207047034B186810B103681B6818470F
:10221C00704700BFC4210020036D0BB10120704733
:10222C00406D003818BF0120704700BF2DE9F04108
:10223C0000F5005090B0574C9646574B0094C0F8A0
:10224C0010191B6A5548C3F301230468403304F08A
:10225C0080746B4413F8406C514B03FB06F6036817
:10226C00B6FBF1F2B6FBF2F543F0A0434D1B036055
:10227C000368DF01FCD5052A4FF0000C2AD9604613
:10228C00831C0130B2FBF3F7192F07FB03F3F7D8CC
:10229C004FF00108B6FBF3F3CB1A002BB8BF5B422F
:1022AC00AB420BDBA7F10C0318BF4FF00008062B59
:1022BC000AD8B8F1000F07D08446E1E71D46A7F114
:1022CC000C038446062BF4D9052FD9D80CF1010345
:1022DC00B2FBF3F2B5F5967FA2F105024CDC142AA1
:1022EC004AD802EB42022F4F6E46DFF8B08002F163
:1022FC004003BEF1020F0DEB03050FCF0FC60FCF3E
:10230C000FC60FCF0FC697E80F0007C626F8023B83
:10231C004FEA1343337015F83F3C15F83E2C4FEA47
:10232C00C34315F8401C4FEA024203F4601301F05A
:10233C00070102F4E02243EA020343EA010343F4F7
:10234C00800343EA0C6343F48043C8F80430D8F8A4
:10235C00043014BF23F0080343F00803C8F804301A
:10236C003CB90E4A136823F0805313601368DB01E9
:10237C00FCD410B0BDE8F081002CFAD1074A1368E8
:10238C0023F0805313601368D901FCD410B0BDE85E
:10239C00F08100BF3C18500000C00F4000001D40F1
:1023AC0040420F008002002008B5836803B19847B3
:1023BC00044AD3889BB243F48043D380BFF34F8F3E
:1023CC0008BD00BF00800B4008B5836803B1984777
:1023DC00034A137803F0F7031370BFF34F8F08BD54
:1023EC0000400B40002070470020704708207047C9
:1023FC0010B50446806D18B10CF052FE0023A36595
:10240C00236D2BB104F11800BDE8104007F05EBE3F
:10241C00636D002BF6D110BD10B504460AF000FE1A
:10242C00204610BDB0EE087ADFED1B6AF7EE007A9D
:10243C001A4A012380EE076AB2EC017A66EE266A2C
:10244C0077EEC67A86EEA76A36EE477AB0EEC77A92
:10245C0002E00133CE2B1CD0F2EC017AF0EE476A8D
:10246C0076EE677AB0EEE77AB4EEE67AF1EE10FA31
:10247C00EFD4013B9FED0A6A9FED0A7A07EE903A82
:10248C009FED090AF8EEE77AC7EE866AA6EE870A90
:10249C0070479FED060A704700401C46A00E0020B6
:1024AC0000004E4300004D4300005CC20000164388
:1024BC0010490B68486B0A68496B02F07F02C1F344
:1024CC00036101320431B2EB410F10D303F07F03EF
:1024DC00C0F30360053B0130A3EB4003DBB2054ABC
:1024EC00106800F07F000130C01AC0B270470023A2
:1024FC00F5E700BF00001D4010B50446806D00B12B
:10250C0010BD4FF480700CF0C3FDA065B0B100227B
:10251C00236D02703BB101464FF48072184607F0F0
:10252C0025FAA06D10BD636D002BE9D001464FF468
:10253C008072184604F0C8FEA06D10BD014B184601
:10254C00A36510BDC253002038B5056D6DB10BB13C
:10255C00002038BD1146284605F044FF0028F7D06E
:10256C002846BDE8384006F0DFB8446D002CEFD0AB
:10257C00204603F0FBFA0028EAD02046BDE838409C
:10258C0004F06EB98A79A2F150031B0622D402F230
:10259C006C72F0B54B7985B0046D01330D798E7882
:1025AC004F78DBB209784CB1204601960095CDE905
:1025BC000271042106F04CF805B0F0BD406D002806
:1025CC00FAD001960095CDE90271042104F08CF843
:1025DC0005B0F0BD0020704710B50446006D80B109
:1025EC00037813F0700F00D110BD002105F0FAFE36
:1025FC00606D0028F8D000220023BDE8104003F0E5
:10260C00B5BA606D0028EFD090F8313013F0500F50
:10261C00EAD000220023BDE8104003F0A7BA00BFA7
:10262C00036D10B50C4682B02BB30DF1060201A957
:10263C00184605F07DFA38B3BDF80430BDF8062015
:10264C0053EA020120D0C2F3451C02F01F00D20A4B
:10265C00C3F34311400084F801C0A2705A0A013937
:10266C0003F01F0302F5EA622070012061712371EF
:10267C00A27102B010BD406D30B10DF1060201A97E
:10268C0003F01AF90028D7D1002002B010BD00BF0A
:10269C00036D10B50C4682B02BB30DF1060201A9E7
:1026AC00184605F035FA38B3BDF80430BDF80620ED
:1026BC0053EA020120D0C2F3451C02F01F00D20ADB
:1026CC00C3F34311400084F801C0A2705A0A0139C7
:1026DC0003F01F0302F5EA6220700120617123717F
:1026EC00A27102B010BD406D30B10DF1060201A90E
:1026FC0003F0D0F80028D7D1002002B010BD00BFE5
:10270C00036973B11A68084952698A4207D1186D76
:10271C0008B105F0F3BC586D18B103F011BA1846A6
:10272C0010474FF0FF307047D1070000006990B19F
:10273C000368154A1B69934225D1036D63B1187860
:10274C0010F0080007D0D8695B69C01A48BF6FF059
:10275C000040704718467047436D002BFAD093F831
:10276C00310010F00800F6D0186919685A69401A3F
:10277C005B6862EB0303B0F1004F73F10003EAD323
:10278C006FF0004070471847C50A0000036923B377
:10279C001968134A10B58C6882B0944214D1186D24
:1027AC0048B101220DF1070105F0D4FB90B19DF861
:1027BC00070002B010BD586D0028F8D001220DF1B1
:1027CC00070103F0EDF8F1E701220DF107011846BE
:1027DC00A047EBE74FF0FF30EBE74FF0FF307047CF
:1027EC0011080000036963B11A68074992698A42AB
:1027FC0008D1186D08B105F025BF586D08B103F06C
:10280C00FDBD704718461047110A000000B500695D
:10281C0083B08DF8071060B10368104ADB689342EF
:10282C0015D1036D43B101220DF10701184605F0D6
:10283C00B5FF03B05DF804FB406D0028F9D0012210
:10284C000DF1070104F07EF803B05DF804FB0122E2
:10285C000DF10701984703B05DF804FB110B000064
:10286C00036D13B1586900217047436D13B1D3E95F
:10287C000001704718461946704700BF036D13B12D
:10288C00D86900217047436D13B1D3E90401704737
:10289C0018461946704700BFF0B595B000224FF4AA
:1028AC007A74244F1831054604A88DF80C20009733
:1028BC00CDE90124CDE9122207F074FC129B002B08
:1028CC002DD05C2000260BF099F8019B0446466045
:1028DC00C36004A9029B183040F8083C9DF80C30EA
:1028EC0000F8043C144B40F8183C144B40F8103CD6
:1028FC0007F0AAFB124B4FF47A72A7602B60636847
:10290C00A66501336E602E73AA602C6163600D4B5B
:10291C0004A8009307F0DAFB284615B0F0BD139B12
:10292C00002BCED1064A2B732A602B61C5E90134EA
:10293C00EDE700BFE80700200C0800206808002025
:10294C00BC07002000070020836C13B1184605F06B
:10295C00D5BBC06C08B103F0F3B84FF0FF30704733
:10296C00036D13B1184605F0C9BB406D08B103F0F7
:10297C00E7B84FF0FF307047036D33B11B7813F09D
:10298C00700F14BF012000207047406D30B190F8DB
:10299C00313013F0500F14BF01200020704700BFDE
:1029AC00036D13B1184605F0D5BA406D08B102F0AD
:1029BC00F7BF4FF0FF307047836C00B583B063B145
:1029CC0001220DF10701184605F0C4FA01280CD1BB
:1029DC009DF8070003B05DF804FBC06C28B1012220
:1029EC000DF1070102F0DCFFF0E74FF0FF30F1E7EB
:1029FC00634A2DE9F0411468136804F0807443F0C5
:102A0C00A04313601368DD01FCD511680023DFF8C7
:102A1C0078C121F000515B4F594E11601946536239
:102A2C009362126803EB0C02DD1901331201AD0045
:102A3C00D160DBB29160516011602960326802F0A4
:102A4C007F0201329342EDD3B1643161F26A336B90
:102A5C00F26233633368002849D1DFF82C810546D4
:102A6C00474E484F19E0336803F07F030133B0EB56
:102A7C00930F34BF4FF080634FF08C631360736B14
:102A8C00C3F300439B070B603368013503F07F03EE
:102A9C00EDB2013328469D421ED2336805EB080285
:102AAC00E91903F07F03120189000133B0EB530FD6
:102ABC00D9D34FF00063136033689A0003D5FFF746
:102ACC00F7FCA842E0D801231F2D03FA05F34CD8DC
:102ADC00B26A1343B362D7E73CB9294A136823F0AF
:102AEC00805313601368DB01FCD4BDE8F08143F024
:102AFC0000533360356815F000553ED0FFF7D8FC15
:102B0C003368054603F07F0301338342E4D91E4F3B
:102B1C004FF00066DFF868800DE0D8F828201343EA
:102B2C00C8F82830D8F80030013503F07F03EDB237
:102B3C0001339D42D0D2EB191B011E60D8F8003036
:102B4C00990003D5FFF7B4FC8542EBD301231F2D6D
:102B5C0003FA05F3E1D9A5F120010123D8F82420CB
:102B6C008B401343C8F82430DCE7A5F12001012386
:102B7C00726A8B401343736286E73368C7E700BF02
:102B8C0000001D402042071008D00104836C13B1D3
:102B9C00184605F057BDC06C08B103F02FBC704748
:102BAC00036D13B1184605F04DBD406D08B103F02F
:102BBC0025BC70478A79A2F150031B0622D402F27D
:102BCC006C72F0B54B7985B0046D01330D798E784C
:102BDC004F78DBB209784CB1204601960095CDE9CF
:102BEC000271022105F034FD05B0F0BD406D0028E6
:102BFC00FAD001960095CDE90271022103F074FD23
:102C0C0005B0F0BD00207047836C53B1187810F0FC
:102C1C0008000DD0D8695B69C01A48BF6FF000403E
:102C2C007047C36CA3B193F8310010F0080000D1C9
:102C3C007047186919685A69401A5B6862EB03039C
:102C4C00B0F1004F73F10003F2D36FF00040704706
:102C5C001846EDE7036D53B1187810F008000DD04D
:102C6C00D8695B69C01A48BF6FF000407047436D6C
:102C7C00A3B193F8310010F0080000D17047186927
:102C8C0019685A69401A5B6862EB0303B0F1004F94
:102C9C0073F10003F2D36FF0004070471846EDE774
:102CAC00036D13B1184605F079BD406D08B103F002
:102CBC0049BE7047836C13B1184605F06FBDC06CEC
:102CCC0008B103F03FBE704700B5836C83B08DF83C
:102CDC00071043B101220DF10701184605F05EFD06
:102CEC0003B05DF804FBC06C0028F9D001220DF193
:102CFC00070103F027FE03B05DF804FB0369D3B1B1
:102D0C000E4810B41C68E46884420FD1186D18B1D9
:102D1C005DF8044B05F042BD586D18B15DF8044BDD
:102D2C0003F010BE00205DF8044B70471846234694
:102D3C005DF8044B18470020704700BF110B0000D2
:102D4C0038B504460C4B806D236018B10CF0A8F913
:102D5C000023A365236D04F118054BB1284607F039
:102D6C00B5F9064B2846A36007F0B0F9204638BDEC
:102D7C00636D002BF2D1F4E70C0800200007002053
:102D8C000B4B186888B103680A4A1B6893420DD133
:102D9C00836810B503B19847074AD3889BB243F4B4
:102DAC008043D380BFF34F8F10BD7047184700BFCF
:102DBC00C82100201902000000800B4038B50446E1
:102DCC000E4B806D236018B10CF06AF90023A365DB
:102DDC00236D04F118056BB1284607F077F9084B01
:102DEC002846A36007F072F920465C210AF008FE21
:102DFC00204638BD636D002BEED1F0E70C080020A7
:102E0C000007002030B4029C11469C4634B1012CC2
:102E1C001CD0022C0ED0002030BC7047056DF5B1D3
:102E2C004FF0FF33934274EB0C04F4D3284630BCC0
:102E3C0005F0D8BA026D0AB3D36959184CF10003E6
:102E4C00002BE8D1104630BC05F0CCBA026D62B153
:102E5C00536959184CF10003002BDCD1F2E7406D9B
:102E6C000028D8D030BC02F081BE406D0028D2D0F2
:102E7C00D0E900238A184CEB0303F3E7406D0028DC
:102E8C00C9D0D0E9042330BC8A184CEB030302F000
:102E9C006DBE00BF70B5244B044605690360002D60
:102EAC0032D06E68013E6E6076BB2B681F4ADB6ABF
:102EBC0093422FD1A86D10B10CF0F2F8AE652B6DCA
:102ECC0023B305F1180007F001F92569E5B12B686A
:102EDC00174A5B68934224D1164BA86D2B6018B12E
:102EEC000CF0DEF80023AB652B6D05F11806A3B1D1
:102EFC00304607F0EBF8104B3046AB6007F0E6F8C5
:102F0C005C2128460AF07CFD204670BD6B6D002BC1
:102F1C00D7D1DAE728469847D7E76B6D002BE7D176
:102F2C00E9E728469847EFE7BC070020610200005C
:102F3C002D0C00000C0800200007002070B5264B5B
:102F4C00044605690360002D32D06E68013E6E6048
:102F5C0076BB2B68214ADB6A934233D1A86D10B142
:102F6C000CF09EF8AE652B6D43B305F1180007F01D
:102F7C00ADF82569E5B12B68194A5B68934228D1F5
:102F8C00184BA86D2B6018B10CF08AF80023AB65B8
:102F9C002B6D05F11806C3B1304607F097F8124BAC
:102FAC003046AB6007F092F85C2128460AF028FD09
:102FBC00204614210AF024FD204670BD6B6D002BB9
:102FCC00D3D1D6E728469847D3E76B6D002BE3D1D6
:102FDC00E5E728469847EBE7BC07002061020000B4
:102FEC002D0C00000C0800200007002030B5044612
:102FFC0083B00A2001F0F2FE02200AF06BFB0021E4
:10300C000A20E5B20AF0E4FB63BA01A90220ADF88C
:10301C00043001F0F9FE104B240AC1B2C0F30F20AA
:10302C001B685C66DA6D12F4F81FFBD05A6F5D6694
:10303C00DA6D12F4F81FFBD05A6F5866DA6D12F481
:10304C00F81FFBD05A6F5966DA6D12F4F81FFBD0DB
:10305C005B6F03B030BD00BFDC1100202DE9F84FD1
:10306C000E46DFF89490FF278046741D06F141054B
:10307C00FFF7BCFF611FA4F1060CD9F800205766BE
:10308C00D36D13F4F81FFBD0536F0CF8013FA4451C
:10309C00F3D1D9F800305F66DA6D12F4F81FFBD06B
:1030AC005A6F5F665FFA82FADA6D12F4F81FFBD082
:1030BC000620D3F874B001F0A7FEC0F307235345E4
:1030CC0011D1C0B25FFA8BFB58450CD10634A54226
:1030DC00D0D13146062001F097FE01210A20BDE82F
:1030EC00F84F0AF075BB31464046FFF7B7FF314643
:1030FC004046FFF7B3FFE9E7DC11002000000000B9
:10310C002DE9F043504B514C2DED028B93B093E8CD
:10311C0007006E4686E8070040F2E130FFF766FFD5
:10312C002268FF215166D36D13F4F81FFBD0536F47
:10313C00DBB2002BF6D001210A200AF049FB00205B
:10314C000AF0C8FA4FF47870FFF750FF2268FF219D
:10315C005166D36D13F4F81FFBD0536FDBB2002B09
:10316C00F6D001210A20DFF8F4800025032412AFE9
:10317C009FED338B0AF02CFB03A936F8020BFFF7FB
:10318C006DFFC1460DF10C0E484671462A46102AB9
:10319C0002F1010211DC91F801C0A24211F8023BCC
:1031AC0043EA0C2307EE103AB8EEC77B27EE087BF8
:1031BC00B7EEC77BA0EC017AE9D10EF1060E09F14E
:1031CC004409BE45E0D10335033408F10C08122D37
:1031DC00D2D109211E481F4E0027DFF884800BF046
:1031EC0047FD1D4D1C4809F0E1FF01370721404602
:1031FC00A6F144040BF03CFD3946284609F0CAFF01
:10320C00284609F0D3FFB4EC010A02212846B7EE98
:10321C00C00A09F0D9FF284609F0C8FFA642F2D12E
:10322C000A2044360BF00EFD284609F0BFFF0A2F8A
:10323C00DBD113B0BDEC028BBDE8F083AFF30080A3
:10324C002D431CEBE2361A3FC0020020DC1100209B
:10325C0040030020145000202C120020D04F0020DE
:10326C004C030020000000002DE9F0430E226A4BB5
:10327C002DED048B93B0ADF806200293002840F09E
:10328C00B2804FF48C60FFF7B1FE644BFF211A68DB
:10329C005166D36D13F4F81FFBD0536FDBB2002BC8
:1032AC00F6D04FF000080A20012101AD0AF090FA87
:1032BC0047460C205A4E9FED548BA8F1010903A9E7
:1032CC00FFF7CCFE03ACB9FA89F90DF10D0C4FF0F8
:1032DC00000E4FEA5919BEF1010F13DDB9F1000FC1
:1032EC0010D00EF1010E0CF1020C0234BEF1020FE3
:1032FC0001DC082FEFDD092F1ED008F1010835F88D
:10330C00020FDAE706EB870100221CF80200A35C2F
:10331C00063243EA00233C2A07EE103A0B4601F131
:10332C002401B8EEC77B27EE087BB7EEC77B83ED95
:10333C00007AEAD10137D4E73A4D0E213A480027FA
:10334C003A4E0BF095FC9FED3A9A284609F02EFF69
:10335C009FED2F8B013707213648A6F124040BF083
:10336C0087FC3946284609F015FF284609F01EFF50
:10337C0019E0FFF757F8B7EEC00A0221284609F00A
:10338C0023FF284609F012FFF0EE087A14ED010A2B
:10339C00B4EE670AF1EE10FA11D0FFF743F8A6422B
:1033AC0004ED010A11D0F0EE087AB4EC010AB4EE87
:1033BC00670AF1EE10FADCD1B0EE480BDDE7B0EEA7
:1033CC00490AA64204ED010AEDD10A2024360BF07D
:1033DC0039FC284609F0EAFE0A2FBBD113B0BDEC2C
:1033EC00048BBDE8F0834FF48A60FFF7FFFD0B4BB5
:1033FC00FF211A685166D36D13F4F81FFBD0536F7D
:10340C00DBB2002BF6D04CE72D431CEBE2361A3F17
:10341C000000000000804BC00D000F00DC110020EC
:10342C00684E00202C120020E40200208C4E00205C
:10343C0000005CC24C03002070B58AB02822002129
:10344C005A4D684600240CF025F95949594B2A4627
:10345C0091ED007AD3ED006A13460026F3EC017A65
:10346C00F4EEC77AF1EE10FA42D5F4EEE67AF1EE0C
:10347C0010FA3DDD0136112EF0D1013444320A2C04
:10348C00EAD16B464C480026DFED4C6A9FED4C7A36
:10349C009FED4C6A01460025F1EC017AF4EE667A58
:1034AC00F1EE10FAF4EE477A0CBF01240024F1EE91
:1034BC0010FA08BF44F00104002C55D01A680132F0
:1034CC00022A1A6033DC0135092DE5D101360433AB
:1034DC0024300A2EDED1012114200AF079F93A4B5E
:1034EC0045F255514AF6AA22012459805A801BE014
:1034FC0004EB04140F21354834440BF0B9FB344869
:10350C0005EB8405002409F051FE022195ED000A1B
:10351C002F48B7EEC00A09F057FE2D4809F046FEB9
:10352C00214614200AF054F920460AB070BD00213F
:10353C0014200AF04DF90621264800240BF098FBC4
:10354C00711C234809F026FE052123480BF090FB43
:10355C0003211F4809F01EFE082120480BF088FBB0
:10356C001B4809F023FEDFE7F5EEC07AF1EE10FA06
:10357C0004DDF4EEC67AF1EE10FAA4D41521184845
:10358C000BF076FB711C124809F004FE052115485E
:10359C000BF06EFB691C0E4809F0FCFD0C4809F0A1
:1035AC0005FE002114200AF013F9BDE7D04F0020CE
:1035BC00D81100203C120020684E00200000164359
:1035CC00000020C20000344200800B40F4020020B6
:1035DC002C120020040300200C03002014030020F4
:1035EC00200300203803002010B55B4C18202378F2
:1035FC002DED0E8BDFED598A002B4BD009F09AFE86
:10360C0007EE900ADFED56EAB5EE00CBF8EEE77A5E
:10361C009FED54EAB1EE02BBDFED536A87EEA87A58
:10362C009FED47DB9FED489B9FED49ABB7EEC77A0B
:10363C0027EE0D7BB7EEC77B27EE2E7AC7EE0E7A00
:10364C00B7EEE77A37EE4C7B87EE0B5BB0EE497B3F
:10365C00A5EE0A7BB7EEC78BB4EEE68AF1EE10FA54
:10366C006BDC424B0021424883ED008A09F0ACFB35
:10367C00404A4149D2ED007A0B6877EE887A3C4893
:10368C000133BDEC0E8BBDE810400B60C2ED007A2F
:10369C0009F002BC09F04EFE07EE900ADFED30EAAD
:1036AC00B5EE00CBF8EEE77A9FED2EEAB1EE02BB59
:1036BC00DFED2D6A87EEA87A9FED21DB9FED229B33
:1036CC009FED23ABB7EEC77A27EE0D7BB7EEC77B2A
:1036DC0027EE2E7AC7EE0E7AB7EEE77A37EE4C7BF2
:1036EC0087EE0B5BB0EE497BA5EE0A7BB7EEC78B82
:1036FC00B4EEE68AF1EE10FAB3D50123192023704B
:10370C0009F018FE07EE900AF8EEE77A87EEA87A31
:10371C00B7EEC77A27EE0D7BB7EEC77B27EE2E7A76
:10372C00C7EE0E7AB7EEE77A37EE4C7B87EE0B6B73
:10373C00A6EE0A9BB7EEC98B93E70023DEE700BF2A
:10374C006666666666660A4000000000000049C0B6
:10375C000000000000005940FD16002000C07F440E
:10376C0000F06B4600401C4600004442C45200204E
:10377C006C160020945200208452002070B5584BD7
:10378C0082B05849002201930B6AC3F3012308331A
:10379C006B4413F8043CC0E90122C0E90322002B5E
:1037AC0000F0858000F500554E4924204E4B012435
:1037BC004E4A0226C5F80C091220C3F8D0208A6E96
:1037CC004B4B42F470328A6641F2B00185F81549D0
:1037DC00484A494CC3F81C01C3F80C13E664C3F8FF
:1037EC002001C3F81013136823F00043136013680F
:1037FC0043F0A04313601368DC01FCD553683D49CA
:10380C0043F008035360136843F0804313600B6864
:10381C00D802FCD40B68374A43F000730B60136872
:10382C009901FCD4334C2368DA01FCD523680020C1
:10383C0043F400332360236843F48033236023680C
:10384C0043F480532360236843F4005323602368BC
:10385C0043F480032360236843F40023236023682C
:10386C0023F408432360636B43F4E023636323680E
:10387C0043F400132360236843F080632360FFF755
:10388C00B7F823681B4A23F0805323601368DB01CD
:10389C00FCD4D5F80C290121184B03EB521302F080
:1038AC001F029B0001FA02F21A6002B070BD0B6A93
:1038BC00134A23F47F7343F480730B621368002B59
:1038CC003FF470AF0B4A00F500551C68184652685F
:1038DC00D5F81019C2F3C00263685200984763E729
:1038EC003C18500000C00F4000180020750000006C
:1038FC0000801F4000001D4000841F4040380038ED
:10390C00C42100202DE9F84301211420844D09F035
:10391C009BFF0021142009F05BFF824C2E6840F2C3
:10392C00EE28814FDFF854920BF020FA2378002B0D
:10393C0000F0C4803B78DB0740F1C0802B68D9F8DD
:10394C0000209B1A0E2B40F2B980072177480BF010
:10395C008FF9774C774809F029FC01210A2009F0EE
:10396C0073FF204601F03AFBE37C002B31D072B69A
:10397C00E37CDE0708D54FF0E0216069D1F88021A7
:10398C000240A262C1F88021980708D54FF0E021CF
:10399C00A069D1F884210240E262C1F88421590760
:1039AC0008D54FF0E021E069D1F88821024022636C
:1039BC00C1F888211A0708D54FF0E021206AD1F808
:1039CC008C2102406263C1F88C21DB0600F19980E6
:1039DC0062B65949A3688B4200F09D80574BA16099
:1039EC009B69574AC3F30116C3F38263554852F8D7
:1039FC0026200133B2FBF3F383426DD80022E26040
:103A0C0023680321002401264A481C6159620721BE
:103A1C001A6419661E614C4B2968484D196009F0EF
:103A2C00B9FB444809F0C2FB2146172009F00CFFF2
:103A3C003146162009F008FF3146152009F004FF25
:103A4C004248FFF79BFE224641494048FEF7EEFBF9
:103A5C003046FEF7CDFF3F4A3F48136C846043F479
:103A6C0000133E4E3E4913646A6F3E4B42F44032A3
:103A7C006A6730603C4A3D48C2F8B00111223C48AC
:103A8C00446146F2A010C1F8242143F2B002C1F8FF
:103A9C0014234FF4116144F20802188019804FF07E
:103AAC008050DA804FF0E0211A8892B242F06C021A
:103ABC001A801C81C1F80801BDE8F8832B682278B4
:103ACC009B1B32B1B3F5FA6F3FF63FAF0BF04EF9DB
:103ADC002AE74345FAD938E7264AA2FB0302920C9F
:103AEC00B3FBF2F38B4288BF0132B2F5817F14D263
:103AFC00022A83D9023A51080B0243EA01431A43C2
:103B0C007DE74FF0E022616AD2F890310B40A3635D
:103B1C00C2F890315CE7E26872E7174A6FE700BFC2
:103B2C0034530020CC530020CB530020E00C002059
:103B3C00DC1100202C12002040420F0000C00F406E
:103B4C00340900203F420F002C5300205025002048
:103B5C0090D0030000C00A40A8530020C8210020C8
:103B6C0000801F4000800B4000180020F10B00006B
:103B7C0000841F4083DE1B43FF7F7F009C5300208B
:103B8C001F291C4810B423D80123046B8B402343FA
:103B9C000363194B4FF00064D0790B441B011C607C
:103BAC00F8B1117A1068090520F0604041F4C001A9
:103BBC005860D0685DF8044B00BA9860106900BA80
:103BCC00D860D27A41EA024242F040621A607047F1
:103BDC00A1F1200C0123C46A03FA0CF32343C36242
:103BEC00D7E714680548117A00EA84400905586043
:103BFC00DFE700BF00001D4008D001040000FC1FDF
:103C0C0070B50C46054686B0086805F5805C4968B9
:103C1C00A268EE46E3681A26AEE80F00BCF81C3B1F
:103C2C000022206903F00F03616941F6303406FB72
:103C3C0003C383F8302B1822BCF81C3B03F00F0392
:103C4C0006FB03C383F8312BBCF81C3B03F00F03BA
:103C5C00AEE8030006FB0355EE462C44BEE80F000D
:103C6C00C4F80200C4F80610C4F80A20C4F80E30D8
:103C7C00BEE80300C4F81200C4F81610BCF81C2BE4
:103C8C00BCF81A3B92B29BB283F010039A4206D155
:103C9C00BCF81A3B013303F01F03ACF81A3BBCF819
:103CAC001C3B013303F01F03ACF81C3BBCF81E3B60
:103CBC009BB20F2B05D8BCF81E3B01339BB2ACF862
:103CCC001E3B06B070BD00BF8B7D70B50D4686B037
:103CDC000446444E002B3ED1336813F0005C25D0D3
:103CEC00FEF7E6FB3368844603F07F03013398420A
:103CFC001ED23D493B4807E003685FFA82FC03F0A3
:103D0C007F0301339C4513D20CEB01030CF1010230
:103D1C001B011B68C3F30363082BEDD120462A4615
:103D2C006146FFF72DFF012006B070BD3368E0E758
:103D3C000FCDEC46FF26ACE80F0095E803008CE8AD
:103D4C000300204669468DF81460FFF759FF4FF0C9
:103D5C00FF3006B070BD306810F000503FD0FEF759
:103D6C00A7FB336803F07F030133834226D91E4936
:103D7C001C4E05E0336803F07F03013398421DD2DB
:103D8C004318421C84461B01D0B21A681201F1D5AB
:103D9C001B68C3F30363082B18D06E460FCD0FC6F8
:103DAC0095E8030086E80300204669468DF814C0A8
:103DBC00FFF726FF4FF0FF3006B070BD0B4B4FF0F6
:103DCC00FF3C1B68C3F30363082BE6D120462A464D
:103DDC005FFA8CF1FFF7D4FE012006B070BD33689A
:103DEC00C5E700BF00001D4008D0010470001D4055
:103DFC002DE9F047002186B00546152009F0E8FCB6
:103E0C00012116204FF0010909F0E2FC012009F014
:103E1C0061FC00211620214C09F0DAFC204BEC4609
:103E2C00DFF894A01B8803EB83034FEA4308DE09F9
:103E3C001C4B1B8803EB830303FA09F74FEAD31ED1
:103E4C000FCCACE80F0094E80300CDF800A08DF87F
:103E5C0007908DF80C608DF80D808DF80EE08DF8C4
:103E6C000F708CE8030069460F488DF81050FFF76F
:103E7C002BFF48B110210D480AF0FAFE0C4809F04E
:103E8C0095F906B0BDE8F08715210A480AF0F0FE56
:103E9C00074809F08BF906B0BDE8F087CC0200208A
:103EAC00FA160020F816002050250020540300209C
:103EBC002C12002068030020F4E5061808B5FFF763
:103ECC001FF90020FFF7D0F9FFF78EFBFFF7B4FACC
:103EDC004FF47A7009F0FEFB0120FFF789FF4FF4D5
:103EEC00FA6009F0F7FBEAE700F58053D3F8003EDF
:103EFC00DB0069D5374B2DE9F04F5E6B4FF0000EB0
:103F0C0041F6146941F60467C6F3036641F6086886
:103F1C00F600083609E013685B0F052B34D00EF160
:103F2C00010E5FFA8EF39E4250D90EEB4E0500EB5C
:103F3C00C50C0CF5F05213685B0F012B13680DD0F8
:103F4C005B0F022BE7D15CF807308B42E7D85CF8AB
:103F5C0008308B42E3D30120BDE8F08F13F4607F6F
:103F6C00DDD06D00002304E01468C4F3C21C63456B
:103F7C00D5D2013305EB030CDBB20CF5F06C50F829
:103F8C002C408C42F0D1E6E7136813F4607FC6D066
:103F9C00CC446D00012405E01368C3F3C213013354
:103FAC009C42BCD22B19DCF800A0013403F5F06361
:103FBC000AEA010AE4B250F82330DCF800B003EA54
:103FCC000B039A45E8D1C6E7012070470020BDE8F5
:103FDC00F08F00BF00001D4001EB410170B500EBFC
:103FEC00C10404F5045EDEF80030DB0028D5DEF8F1
:103FFC0000305B0F012B0BD0DEF800305B0F022B77
:10400C0042D0DEF800305B0F052B1BD0002070BDBA
:10401C00DEF8004014F4607FF8D000234D0005E07A
:10402C00DEF80010C1F3C21C6345EFD2013305EB7F
:10403C00030CDBB20CF5046C50F82C409442EFD11D
:10404C00012070BDDEF8005015F4607FDED042F226
:10405C00141549000123254407E0DEF80040C4F3A1
:10406C00C21C0CF1010C6345D0D22C6804EA020C82
:10407C00CC18013304F50464DBB250F824402E68EC
:10408C003440A445E9D1DBE742F20413E3589342F0
:10409C00BCD842F20813E058904234BF00200120F3
:1040AC0070BD00BF0B78632B10B5044682B0104670
:1040BC0013D003F51C6304EB83035B6813B101920B
:1040CC009847019804F50054D4F804381BB102B099
:1040DC00BDE81040184702B010BD04F50054D4F8E8
:1040EC000437002BF0D0019298470198ECE700BF01
:1040FC002DE9F04F8C468DB00F4605466C460646B2
:10410C0000F110084FF00109DFF814A1BCE80F0012
:10411C000FC49CE8030084E8030056F8044F5CB11C
:10412C009DF91420A36809FA02F1194256D02368AC
:10413C00D3F800B0D3454CD14645EED105F500532C
:10414C0093F80037002B5FD0EE8A4FF01A0C3868CA
:10415C0006AC7968F6B2BA68FB680CFB06560FC45D
:10416C00002338697969182286F81A31EB8A0DEB2D
:10417C000206DBB20CFB035303C483F81B21EC8A4D
:10418C00E4B20FCE0CFB0454C4F81C01C4F820118B
:10419C00C4F82421C4F8283103CEC4F82C01C4F887
:1041AC003011EA8AAB8A92B29BB283F480739A4242
:1041BC0024D0EB8A0133C3F30803EB822B8B9BB225
:1041CC00FF2B03D82B8B01339BB22B830DB0BDE897
:1041DC00F08F9DF8153069462046D847237C002B7C
:1041EC00AAD02368D3F800B09DF81530D345A3D0DE
:1041FC0020464FF0FF326946D8479DE7AB8A013322
:10420C00C3F30803AB82D4E73B7D3A4606A92846A4
:10421C008DF81830FFF746FF0DB0BDE8F08F00BFEA
:10422C007100000000F5005393F80137002B00F0EB
:10423C00DB80DFF86CC22DE9F04F0F4689B00546E4
:10424C000E4602AC0FCF0FC497E8030084E80300BE
:10425C00DCF800309B0052D5DCF8343000244FF0F1
:10426C006309C3F3036A22464FEACA0A0AF1080A31
:10427C000CE05B0F022B3B6800F09A805B0F052B68
:10428C0000F0DD800134E2B2924538D996F9143051
:10429C00632B34D004EB440805EBC80B0BF5F0573B
:1042AC003B6813F0604FEDD03B685B0F012B3B6814
:1042BC00DFD1C3F30043F2799A42E3D13B6813F4A4
:1042CC00607FDFD04FEA480B002306E03A685FFAC4
:1042DC0088F3C2F3C2129342D4D203F10108029ABA
:1042EC000BEB080303F5F06355F823309A42EDD13C
:1042FC0002A928468DF81C90FFF7FAFEE6E700238A
:10430C00674F8DF80E303C6814F000543FD0FEF728
:10431C00CFF83B68044603F07F030133834233D963
:10432C0042F2041742F20818DFF8749196F914302F
:10433C00A34220D004EB440105EBC10202F5045A60
:10434C00DAF8003013F0604F15D0DAF80030F0795D
:10435C00C3F3C06398420ED1DAF800305B0F012B27
:10436C00DAF8003041D05B0F022B12D0DAF80030B3
:10437C005B0F052B5BD0D9F80030013403F07F03C1
:10438C00E4B201339C42D1D309B0BDE8F08F3B6855
:10439C00C6E7D159029B8B42EDD352F808209342C9
:1043AC00E9D802A928468DF81C40FFF7A1FEE2E7E8
:1043BC00C3F30043F2799A427FF464AF41F604638D
:1043CC005BF80320029B9342FFF45CAF41F608625A
:1043DC005BF8022093423FF655AF02A928468DF8B0
:1043EC001C90FFF785FE4DE7704713F4607FC2D039
:1043FC004A00002307E0DAF800105FFA8BF3C1F3F0
:10440C00C2118B42B7D203F1010B029902EB0B03E1
:10441C0003F5046355F823309942ECD102A92846E0
:10442C0000928DF81C40FFF763FE009AE3E7029AB6
:10443C0021462846FFF7D0FD00289CD0B1E73B6809
:10444C0013F4607F3FF41EAF41F6146301275B4405
:10445C000AE00BF5F05101370968FFB2C1F3C21144
:10446C0001318F42BFF40EAF07EB4801186801F51C
:10447C00F06155F821E00299D3F800C008400EEA2B
:10448C000C018842E5D102A9284601938DF80E2033
:10449C0000928DF81C90FFF72BFEDDE90023D8E786
:1044AC0000001D402DE9F04F944D9BB0944F08AC8B
:1044BC0004900FCD0FC495E8030084E803007E6AD6
:1044CC00B96AD7F82CB0386B3B68029113F40043EF
:1044DC00039003D13A68940000F11A81039B43F0D6
:1044EC000103BBF1000F00F00581BBFA8BF3844D87
:1044FC00C3F140032C68DFB214F00054019700F0B4
:10450C008582FDF7D5FF2B68044603F07F0301334A
:10451C00984280F0C280874240F2BF80049B671CA7
:10452C00DFF8DC9103F50053FDB2059318E0042A83
:10453C0000F06281082A00F00382D9F80030FCB246
:10454C00019A03F07F030133A24288BFAB4205F10D
:10455C00010594BF01230023002B40F09E80671CB3
:10456C00C4F12002029BA4F1200A06FA02F1E340F6
:10457C000B4326FA0AF10B43D807DED5039B0BFA43
:10458C0002F2E34013432BFA0AF21343D907D4D5B2
:10459C00DFF87881A0444FEA0818D8F80030190EDB
:1045AC00C3F3036201F00B010229C0D1D8F8041047
:1045BC0003F4001021F06041002812BF4FF0010CF1
:1045CC004FF0000C890C062A8DF827C0089102D1F7
:1045DC0001228DF82920ADF82430C3F303438DF864
:1045EC00344000288DF82B30059B93F815398DF845
:1045FC003530D8F808308DF82F30D8F808304FEA1D
:10460C0013238DF82E30D8F808304FEA13438DF869
:10461C002D30D8F808304FEA13638DF82C30D8F8C9
:10462C000C308DF83330D8F80C304FEA13238DF85A
:10463C003230D8F80C304FEA13438DF83130D8F8BB
:10464C000C304FEA13638DF8303014BF4FF08C638D
:10465C004FF080631F2CC8F80030D9F808304FF0A9
:10466C00010334D8D9F83020A340214604981343D1
:10467C00C9F83030089AFFF7AFFC002835D108A9EB
:10468C000498FFF7CFFD08A8AFF3008008A8AFF39C
:10469C00008008A8AFF300804FE7194A1948116A47
:1046AC000268194B4A40134043B1049B03F58053F5
:1046BC00B3F8D42C92B20F2A40F2AC81104A136A90
:1046CC000B431362BFF34F8F1BB0BDE8F08FD9F8CB
:1046DC002C2003FA0AF3214604981343C9F82C3012
:1046EC00089AFFF779FC0028C9D008A90498FFF7AD
:1046FC00FFFCC4E7B3FA83F32033F8E6CC020020C6
:10470C0000001D4044220020BFFF070008D0010418
:10471C0089067FF5E3AE82067FF5E0AED7F8802000
:10472C00BB4C02F40011C2F30050ADF82420002958
:10473C00C2F303414FEAD2528DF82B10D7F88410F4
:10474C008DF8280018BF012021F0604108BF00201F
:10475C008DF826204FF0000208BF890C8DF8270039
:10476C000CA80891D4F88810D1400832202A00F8FF
:10477C00011DF7D10DA8A649D1F88C20DA400833D9
:10478C00202B00F8012DF7D1049B03F5005393F86F
:10479C0015398DF8353063238DF834308B680B6BFD
:1047AC0043F020030B63039B5D0603D50B6B43F0B7
:1047BC0040030B63039B1C0604D5954A136B43F013
:1047CC0080031363049C08A92046FFF72BFD08A85F
:1047DC00AFF3008008A8AFF3008008A8AFF3008007
:1047EC0008992046FFF780FB00283FF477AE08A914
:1047FC000498FFF77DFC71E603F40012002AD8F848
:10480C000420ADF82430C3F303438DF8344022F078
:10481C0060428DF82B3018BF0121059B04BF920C10
:10482C00002193F8153908928DF83530D8F80830F6
:10483C00049A8DF82F30D8F808308DF827101B0A01
:10484C008DF82E30D8F808301B0C8DF82D30D8F898
:10485C0008301B0E8DF82C30D8F80C308DF8333016
:10486C00D8F80C301B0A8DF83230D8F80C301B0CF1
:10487C008DF8313004F6022352F82330D8F80C208E
:10488C00120E8DF830200BB108A89847059BD3F871
:10489C0008390BB108A89847049901F58052B2F871
:1048AC001E3B07929BB2002B00F00F81B2F81A3B13
:1048BC001A220DF1500C03F00F03E04602FB031318
:1048CC0041F632320EA903EB020A06918E46985835
:1048DC00DAF80410DAF80820DAF80C30ACE80F003B
:1048EC00DAF81000DAF81410ACE80300B8E80F009E
:1048FC00AEE80F0098E803008EE803009DF94C30F9
:10490C005A1C00F0F1809C427FF417AE069AE1B27B
:10491C000498FFF735F9079AB2F81A3B013303F004
:10492C001F03A2F81A3BB2F81E3B9BB2002B3FF4BC
:10493C0004AEB2F81E3B013B9BB2A2F81E3BFCE559
:10494C0003F40012002AD8F80420ADF82430C3F385
:10495C0003438DF8344022F060428DF82B3018BFA1
:10496C000121059B04BF920C002193F81539089284
:10497C008DF83530D8F80830049A8DF82F30D8F8E7
:10498C0008308DF827101B0A8DF82E30D8F8083017
:10499C001B0C8DF82D30D8F808301B0E8DF82C30F0
:1049AC00D8F80C308DF83330D8F80C301B0A8DF851
:1049BC003230D8F80C301B0C8DF83130D8F80C3064
:1049CC001B0E8DF8303004F6022352F823300BB155
:1049DC0008A89847059BD3F808390BB108A8984745
:1049EC00049901F58052B2F81E3B07929BB2002B42
:1049FC007FF45CAF1F2C4FF0010300F28080D9F8DC
:104A0C003020A3401343C9F8303096E52B6885E578
:104A1C0000001D40B3F8D42C92B20F2A05D8B3F87D
:104A2C00D42C013292B2A3F8D42CB3F8D22CB3F814
:104A3C00D24C02F00F02A4B203EB8202C2F8D81CD3
:104A4C00B3F8D02C92B282F01002944206D1B3F893
:104A5C00D02C013202F01F02A3F8D02CB3F8D22CC8
:104A6C002B4C013202F01F02A3F8D22CE469B3F8EC
:104A7C009C2DA4B292B20F2A05D8B3F89C2D01320A
:104A8C0092B2A3F89C2DB3F89A2D02F00F0203EB0F
:104A9C004202A2F89E4DB3F89A4DB3F8982DA4B2E9
:104AAC0092B282F01002944206D1B3F8982D0132E2
:104ABC0002F01F02A3F8982DB3F89A2D0160013271
:104ACC0002F01F02A3F89A2DF8E51F2C4FF00103FA
:104ADC000DD8D9F83020A3401343C9F830304FF02B
:104AEC000063C8F8003028E5069A214610E7D9F88B
:104AFC002C2003FA0AF31343C9F82C30EFE7D9F84A
:104B0C002C2003FA0AF31343C9F82C3015E500BF27
:104B1C0000001D402DE9F04300F500578FB004460E
:104B2C0097F8003713B9012387F80037238B9BB212
:104B3C00002B57D1D7F80C2904F58056724B02F094
:104B4C001F0103EB521301229B008A401A60B6F836
:104B5C001E3B9BB283B3B6F81A3B1A2208AD0DF17B
:104B6C00080C03F00F03AE4602FB034341F632324E
:104B7C0003EB02089858D8F80410D8F80820D8F895
:104B8C000C300FC5D8F81000D8F8141003C5BEE8C7
:104B9C000F00ACE80F009EE803008CE803009DF9C1
:104BAC001C104B1C54D0594B0B441B011B68C3F3FA
:104BBC000363082B00F08B80D7F80C29544B02F0C0
:104BCC001F0103EB521301229B008A4000211A6043
:104BDC00238BB6F81E0B9BB280B240EA03300FB0A9
:104BEC00BDE8F083A68A1A23B4F814C008ADF6B257
:104BFC000CF1010C03FB0646CCF3080CD6F81C0197
:104C0C00D6F82011D6F82831D6F824210FC5D6F8BD
:104C1C002C01D6F83011A4F814C0238B9BB203C519
:104C2C001BB1238B013B9BB2238308AD02AE0FCD8E
:104C3C000FC695E8030002AA86E803009DF81C3015
:104C4C000DF1070120468DF80730FFF72BFA71E7BD
:104C5C00DFF8C080D8F8005015F0005550D0FDF7A3
:104C6C0027FCD8F80030054603F07F03013383425C
:104C7C00A2D9DFF89890DFF89C8008E0D8F80030D3
:104C8C00013503F07F03EDB201339D4294D205EB65
:104C9C0009031B011B68C3F30363082BEED102AAA3
:104CAC0029462046FEF76CFFB6F81A3B013303F099
:104CBC001F03A6F81A3BB6F81E3B9BB2002BDDD0A7
:104CCC00B6F81E3B013B9BB2A6F81E3BD6E702AAE8
:104CDC00C9B22046FEF754FFB6F81A3B013303F075
:104CEC001F03A6F81A3BB6F81E3B9BB2002B3FF4F1
:104CFC0063AFB6F81E3B013B9BB2A6F81E3B5BE7CD
:104D0C00D8F80030B5E700BF6038003808D001048F
:104D1C004038003800001D4024492548254A38B544
:104D2C00002401F58053086001F50050224D8C825F
:104D3C002960CC82C0F80C490C83C0F81049A3F848
:104D4C001A4B80F81449A3F81C4B1C49A3F81E4BB2
:104D5C00A3F8D04CA3F8D24CA3F8D44CA3F8984D9C
:104D6C00A3F89A4DA3F89C4D80F8004780F80147B2
:104D7C0013480AF087F9134B13480E4A0F49C3E93D
:104D8C00000412480AF07EF90A4A0C4910480AF04D
:104D9C0079F9084A09490F480AF074F9054A074994
:104DAC000D48BDE838400AF06DB900BF5025002011
:104DBC00DC0600204C120020C421002089020000D7
:104DCC00900E0020A85300208C08002064160020B0
:104DDC00E8160020F01600208C16002098B138B58B
:104DEC00054600240A20013400F02EF84FF496708A
:104DFC0000F032F80A2000F02BF80A2000F02CF812
:104E0C00AC42EFD138BD7047C8B1013801F1FF3C5D
:104E1C00102251FA80F010B40A4C1CF8013F110218
:104E2C0083EAD213604589B2DBB234F8132082EAEC
:104E3C000102F2D150005DF8044B80B27047202083
:104E4C00704700BF941E0060002108F0C1BC00BF79
:104E5C00012108F0BDBC00BF084A094B51681B6812
:104E6C0010B4084CA4FB03439B0C03FB00F05368E9
:104E7C005B1A9842FBD85DF8044B7047001000E0B9
:104E8C009C0E002083DE1B4390F81CC04160BCF1DB
:104E9C00020FC26001D18368184708F033B800BF15
:104EAC00F0B4046840F201251E462561A3B121B37C
:104EBC0011F8015B013B6566256FAF0707D41546FA
:104ECC00013E676F1AB105F8017B2A4604686569D3
:104EDC00ED07F1D5002BEAD16EB10368196F890784
:104EEC00FAD41146013E5B6F002AF5D001F8013B64
:104EFC000A46002EF1D1F0BC704790F83C50D9E72F
:104F0C00324B334930B5D3E911542079C8771A6C38
:104F1C0095F804C081F81CC0087752B1B2F5004F67
:104F2C0023D32C4911442A4A1964D07682F81BC029
:104F3C0030BD19680F24D86C8C6540F20134CA61FD
:104F4C000C614FF47C544C6103210468246883F891
:104F5C003D10214B9C4226D1037F4260022BC26044
:104F6C0026D18368BDE8304018472D68E98B0904C9
:104F7C0022D492B2EA832168EC8BA4B2EC82CC8B63
:104F8C00240405D5CC8BC2F3080204F47E442243DE
:104F9C00CA83CA8B92B2CA8200210D4A1964D07698
:104FAC0082F81BC030BD23461146BDE8304018477F
:104FBC00BDE8304007F0A6BFE98BC2F3080E92B2F1
:104FCC0001F47E4141EA0E01E983D4E7DC110020B3
:104FDC0000800E400180FFFFF92C000043682DE992
:104FEC00F04FD3E90041814D4FF0B80A22684FF0E1
:104FFC00020822EA01027E492260AA6911407D4A18
:10500C000A43AA6190F810E07B4A03EB0E0603EB0F
:10501C008E0E317C02EB01118968C1F800A090F86A
:10502C0011C003EB0C050CF10A0C95F8241002EBE3
:10503C0001118968C1F800A0817C03EB010903EB25
:10504C00810199F838B002EB0B1BDBF808B0CBF8F8
:10505C0000A0D4F800A05F684AEA070AC4F800A0D0
:10506C00347CDEF814E002EB04146468C4F800E04D
:10507C0095F8244053F82CC002EB04146468C4F86F
:10508C0000C0C96B99F8384002EB041252681160E9
:10509C009A6C99F8441011601A6A317F5B6B11603D
:1050AC0095F830201A600F220368C3F810809A65B7
:1050BC00C27C002A31D072B6C37CDC0708D54FF015
:1050CC00E0214469D1F8802122408262C1F880211C
:1050DC00990708D54FF0E0218469D1F8842122404A
:1050EC00C262C1F884215A0708D54FF0E021C46987
:1050FC00D1F8882122400263C1F888211F0708D506
:10510C004FF0E021046AD1F88C2122404263C1F8AF
:10511C008C21DE0655D462B60368384C8268A242F4
:10512C0059D0324A846092693549C2F30116C2F3F0
:10513C008262344D51F826100132B1FBF2F2AA42D0
:10514C0031D80022C260002403211C61072459625B
:10515C0001211A641C661961C37C13B3DD0704D5E5
:10516C00816A4FF0E022C2F800119C0704D5C16A95
:10517C004FF0E022C2F80411590704D5016B4FF02F
:10518C00E022C2F808111A0704D5416B4FF0E02257
:10519C00C2F80C11DB0604D5826B4FF0E023C3F888
:1051AC001021BDE8F08F1849A1FB0251090DB2FB8B
:1051BC00F1F2A24288BF0131B1F5817F0DD3134AC0
:1051CC00C0E74FF0E022416AD2F890310B40836384
:1051DC00C2F890319FE7C268B5E70229B1D902390C
:1051EC004C08220242EA04420A43ABE700C00F40DB
:1051FC00CFFFFFE3100000084409002000093D0028
:10520C0034090020FF083D0083DE1B43FF7F7F0035
:10521C000BB1FFF745BE70474368D3E9001209682C
:10522C00114200D1704710B50268044600200521D8
:10523C001061227C1344187C08F006FB627C6368C6
:10524C000521134493F8240008F0FEFA6368A27C4D
:10525C0005211344BDE8104093F8380008F0F4BA67
:10526C00704700BF012BF0B5054695B03DD0022B21
:10527C0040F2022001F104010CBF034600236846F2
:10528C0005F03EF8129B002B38D05C20002608F06D
:10529C00B5FB214B04AF0446C0E90036019B3946EF
:1052AC00183040F80C3C1D4B40F8103C029B40F869
:1052BC00083C9DF80C3000F8043C04F0C5FE184B7B
:1052CC004FF47A72A665A360164B6E602B60636810
:1052DC002E730133AA602C616360134B3846009324
:1052EC0004F0F4FE284615B0F0BD44F2022304315C
:1052FC00684605F005F8129B002BC6D1139B002BBA
:10530C00C3D14FF47A71074A04AF2B732A602B6117
:10531C00C5E90131E1E700BF0C0800206808002056
:10532C00E8070020BC0700200007002010B5D0F8CB
:10533C0084448EB00A4644B100232146684600934B
:10534C0002F0B4FD80B90EB010BDD0F8881441B194
:10535C00234668460C9400F0C7FE50B900200EB0EE
:10536C0010BD08460EB010BD684602F0F3FF0EB03B
:10537C0010BD684600F076FF0028EFD0E3E700BFD1
:10538C0070B5D0F884548EB016465DB105F58965BC
:10539C0000230A4668462946009302F005FD90B9A1
:1053AC000EB070BDD0F888040028F9D000F58964DF
:1053BC000A462B46684621460C9500F019FE48B962
:1053CC0000200EB070BD32462946684602F0CCFE75
:1053DC000EB070BD32462146684601F097F80028A1
:1053EC00EED0DDE710B5D0F884448EB00A464CB14F
:1053FC000020012321460090684602F057FD80B939
:10540C000EB010BDD0F8881441B1012368460C943D
:10541C0000F06AFE50B900200EB010BD08460EB068
:10542C0010BD684603F048FE0EB010BD684600F093
:10543C00BFFE0028EFD0E3E730B5D0F884448FB03E
:10544C000A464CB10025012304F589616846009594
:10545C0002F034FC0FB030BDD0F888040028F9D02D
:10546C0000F58961012368460C9401F0D1F80FB066
:10547C0030BD00BF10B5D0F884448EB00A463CB1A4
:10548C00002321466846009302F010FD0EB010BDBB
:10549C00D0F8881431B1234668460C9400F024FEF1
:1054AC000EB010BD08460EB010BD00BFF8B50546D5
:1054BC0090F8D00408B90146F8BDD5F88434002B17
:1054CC004CD0DC69D5F89004013C002854D003681A
:1054DC00DB6B9847E0B1D5F8900478B303681B6C8C
:1054EC009847A8B9D5F8900440B3036801215B6CC8
:1054FC009847074610B3D5F8840458BBD5F8886490
:10550C0033466EB9D5F8900490B900200146D3E724
:10551C00D5F88404E8B9D5F88834002BF5D00746C3
:10552C00184602F049F906463FB1D5F8900428B167
:10553C00036800215B6C984700B1A41BD5F8843438
:10554C00FBB19B794FF40071994089B2A1FB040126
:10555C00F8BD002704F002FC0646E5E7D5F88834D0
:10556C00D5F89004B3B1D3F830440028AFD1184625
:10557C0002F022F90646E0E7184604F0EFFB064677
:10558C00DBE7D5F88864002EBFD0D6F83C14A1FB1D
:10559C000401F8BD0028B8D01C4698E790F8D03428
:1055AC0063B1D0F8843463B19A794FF40070D9693F
:1055BC009040013980B2A0FB0101704718460146AA
:1055CC007047D0F888040028F9D0D0F83C14D0F8F3
:1055DC003004A1FB000170472DE9F043D0F8905442
:1055EC008DB04DB198462B6804462846DB69984728
:1055FC00B0F5405F064604D8002630460DB0BDE835
:10560C00F0834FF4007009F043FD07460028F3D0F7
:10561C000DF10409B6F1806F02464346294648460F
:10562C002ED901F095FB0646384609F039FD002EBF
:10563C00E2D02B682846271D1B6A984794F8C03483
:10564C00FF2B21D0D4F8C43404F59465029328467A
:10565C00D4F8C8340393B4F8C034ADF8043099E8E6
:10566C000E0005F013FD94F8B134C4F89054002BDF
:10567C00C3D10123294638461A4604F0CFFDBCE7B6
:10568C0004F032F80646CFE704F2944594F8CC14B3
:10569C00284606F043FB2846C4F8905405F0A0FDBC
:1056AC000028AAD10123D4F8901438461A4604F0E5
:1056BC00B5FDA2E7F0B5D0F8906485B00446002E95
:1056CC0042D090F8D05490F8D13485B1FE2B63D0F1
:1056DC0094F8D20436283DD93368694630469B6C21
:1056EC0098470546284684F8D05405B0F0BDFE2BEB
:1056FC0026D090F8D204362849D994F8C034271D06
:10570C00FF2B2DD0D4F8C43404F59466D4F8C824F7
:10571C0001933046B4F8C0340292ADF800306B46B9
:10572C000ECB05F0B3FC94F8B134C4F8906463B9B3
:10573C000123314638461A4604F070FD054604E054
:10574C001F4B9B689B03D8D40025284684F8D05463
:10575C0005B0F0BD08F066F8051E18BF0125F4E78A
:10576C0004F2944694F8CC14304606F0D7FA30463E
:10577C00C4F8906405F034FD0028E6D10123D4F878
:10578C00901438461A4604F049FD0546DDE708F04A
:10579C0049F80028B1D1D7E7336830465B6D98479C
:1057AC00421C034694D00028CFD194F8D124FE2A71
:1057BC00CAD103212E201D4608F046F8C5E700BFCC
:1057CC000080004218484FF0290C184A0023184951
:1057DC0010B4C0F89424072280F8B1C44FF0FF0C29
:1057EC00C0F8A8144FF47F41124CC0F8AC24124AF4
:1057FC00A0F8D014A0F89C3480F8B53480F8CC34E0
:10580C0080F8D2C40460C0F8A0240C490C4A5DF89E
:10581C00044BC0F88434C0F88834C0F8903480F855
:10582C00BC3409F02FBC00BFE81C0020CC080020C1
:10583C0000093D009C08002024070020D130000006
:10584C004C12002070B500F1240384B08C46044641
:10585C0001AD164693E8070085E807004FEA4C12A5
:10586C002946206A01F0C4FE012806D13246294699
:10587C00206A01F0A1FE04B070BD002004B070BD20
:10588C0010B5044600F0BAFD002384F8313084F8DA
:10589C00333010BD38B514460D46002200F12401FA
:1058AC00006A01F089FE034620B1428901202A805A
:1058BC001B89238038BD00BF38B514460D46002225
:1058CC0000F12401006A01F077FE034620B1C28981
:1058DC0001202A809B89238038BD00BF38B50D4636
:1058EC0090F8311009B1002038BD3822044609F077
:1058FC00D1FE012340222562184684F8333084F807
:10590C00312038BDF0B40D460978202903D115F8A3
:10591C00014F202CFBD0156095602C782F2C11D0CA
:10592C0084B16E1C3C2C1D4F35462AD8212C12D824
:10593C0004F1FF3CBCF11E0F16D80020F0BC7047E0
:10594C0015F8014F202CFBD02F2CF9D01D601146DF
:10595C00F0BC01F01FBDA4F1220C5FFA8CFC27FAFD
:10596C000CFC1CF0010FE8D12E2C01D0202C0DD1F9
:10597C0016F8014B002CE5D02F2CE3D03C2C3546EF
:10598C00D4D95C2CD9D003D97C2CD6D09660EFE737
:10599C003E3C012CFAD80020F0BC704701210005D8
:1059AC002DE9F04F90F8333083B00546DC0774D501
:1059BC0058060F46904640F1B080D5E90023D5E952
:1059CC00041018EB020443F10003A14270EB030333
:1059DC00C0F0A980B8F1000F5BD0464605F118095C
:1059EC00D5E90032D5F820A0DAF838441C40C4F3CD
:1059FC00080B002C70D1134370D195F831305A0636
:105A0C004CBFDAF83424EA69AA619AF84504023AE0
:105A1C00DAF82C14630A824001EB54211144BBF1D7
:105A2C00000F45D1B6F5007F42D3DAF81C22914223
:105A3C003ED0B6F5806F58D34FF0010B0BFA00FB3C
:105A4C00ABEB030B730A9B4528BF9B4691424FEA75
:105A5C004B240AD801EB0B039A4206D20AF50470C8
:105A6C00019106F03DFE0199B8B1DAF814025B46DB
:105A7C000268D2F814A03A46D04770B123462744A6
:105A8C00D5E900125B1842F10002361BC5E9003261
:105A9C00A8D1404603B0BDE8F08F95F832304FF0F6
:105AAC00FF3043F0020385F8323003B0BDE8F08FCD
:105ABC00CBF5007400220AF50470B44228BF3446BA
:105ACC0006F03AFE0028E8D000EB0B0122463846DF
:105ADC0007F0FAFE2346D2E7AA6996E795F8333029
:105AEC005B060ED5AA6901328EE7DAF814023A4643
:105AFC0003681B6998470028CFD04FF400731C46ED
:105B0C00BDE74A465046A96901F0B4FD0028C4DB44
:105B1C000CD0D5F820A0AA6977E795F83130190791
:105B2C007FF558AF49E7A1EB020853E795F8313000
:105B3C0013F0500FB1D0A8EB06084046AAE700BFFF
:105B4C00F0B583B00122044685690DF10701D0E957
:105B5C000067FFF725FF0128A5610CBF9DF8070022
:105B6C004FF0FF30C4E9006703B0F0BD2DE9F04FF2
:105B7C001F4690F8313083B00446D0F81880002BC3
:105B8C0051D01646D0E9001CBC4508BF91425CD0F0
:105B9C0056EA07024DD01D0704D5D0E90402B042E5
:105BAC00BA4140D394F83320751ED4F820A001924A
:105BBC0047F1FF309AF845240932D2B2C2F1200ED7
:105BCC00D540A2F1200900FA0EFB20FA09F045EAB3
:105BDC000B0505430198400633D4481E20FA02F207
:105BEC004CF1FF3051EA0C0C00FA0EFE20FA09F0D1
:105BFC0042EA0E0242EA000201D0954229D25B062B
:105C0C004CBFDAF83434E369A36104F1180906E0F7
:105C1C00A169013D206A01F02DFD002803DD4A46F3
:105C2C00002DF5D107E00020C4F8188003B0BDE8C2
:105C3C00F08F002383610120C4E9006703B0BDE845
:105C4C00F08FE3692B44A361F5E7012003B0BDE8B5
:105C5C00F08FAD1AD9E700BF2DE9F04F174690F839
:105C6C0031208FB00546002A40F0D7808B4691F842
:105C7C00311011F0500F00F0D08003F003019A4660
:105C8C00032900F0CA80013103F0080041EA000347
:105C9C000293002F00F0CB80396901F10E08B64950
:105CAC00A1FB0818DBE900104FEAD808014308F102
:105CBC0002085FFA88F805D000200021CBF81820E4
:105CCC00CBE900010024029B264643F040030393DA
:105CDC00202206A95846FFF763FE00B3202840F0A7
:105CEC009C809DF918209DF81830002AC0F2A280E3
:105CFC0034B9DBF80020A2F12009DBF8182001925E
:105D0C00444501D20134E4B2002B00F0138120226F
:105D1C0006A958460026FFF743FE0028DED11AF4E8
:105D2C00007F7AD0029B9B0777D5002F75D0444516
:105D3C0017D2DDF804A0202206A95846FFF730FE42
:105D4C00631C002861D0202867D12CB9DBF8002017
:105D5C00DBF818A0A2F12009DCB2A045EBD8CDF8F5
:105D6C0004A03822002128469BF8334009F092FC0D
:105D7C00DBF82030C4F38014019A2B620823002630
:105D8C0085F82C4085F831303B68C5E909297B60E2
:105D9C00BE81B8F1000F33D008F1FF39B346DFF8FC
:105DAC00DCA15FFA89F9012259462846FFF74AFD22
:105DBC00044690B390F90020002A2EDB202200210B
:105DCC0009F068FC002E00F0BC80BBF1010F00F064
:105DDC00D780C123A3461E3404F81E3CBB89384629
:105DEC001BB9D7E901239A4205D006F0CDFC2BF85C
:105DFC00020FA345F2D101365FFA86FBD845D2D803
:105E0C00284600F0FBFA06460DE05846DBF8186011
:105E1C0000F024FB002840F0918000231E4685F8FA
:105E2C00313085F8333030460FB0BDE8F08F4FF08D
:105E3C00030847E756BB444538BF0024852B7FF445
:105E4C0047AF314638222846012609F023FC9DF83D
:105E5C001C209DF8193085F8303002F03703D2063B
:105E6C0058BF43F0080385F83130DBF80030DBF81D
:105E7C002020203B2A62DBF81820C5E909239BF877
:105E8C003330C3F3801385F82C3021E7C02B28D096
:105E9C00C12B7FF43CAF3A4606A9284601F0EEF937
:105EAC00E8B1BB89DBB9D7E901329A4217D11AF4B0
:105EBC00006FB2D11AF4884F70D195F8333098072F
:105ECC006CD41AF4806FA8D11AF4804FABD028464A
:105EDC00D5E90423FFF74AFE0028A4D19DE7064626
:105EEC00F6E6029B85F833309DF819309B0702D5F6
:105EFC00039B85F833300B9BEB61DDE90823C5E987
:105F0C000423DDE90C23C5E90223002FCFD04FF089
:105F1C0000033A69BB813B687B609DF81B309A4259
:105F2C007FF4F5AEBE8ABDF81C30F61AB6FA86F6CA
:105F3C007609CDE6002F7FF4F2AE6EE7CBF8186051
:105F4C000BE78523237085F8309084F80190DAF8FC
:105F5C000030002B46D00DF113020DF1160105A8EF
:105F6C009847BDF814306381BDF8163023819DF835
:105F7C00133023753FE700BF89888888FC210020F7
:105F8C00C02384F801B02370029B63F07F0385F873
:105F9C0033303B69E370BB8AA3802CE795F8313032
:105FAC00D9063FF53AAF13F001017FF436AF1AF47E
:105FBC00806F89D095F8332092077FF52EAF002B98
:105FCC003FF42BAFD5E90032134304D00022002359
:105FDC00A961C5E90023284600F042FC00283FF4E3
:105FEC001CAF20E745F621236381E381638202E73E
:105FFC002DE9F043002597B0994690F83130019285
:10600C001495ADF81450002B3ED191F831300F4659
:10601C0013F0500F38D01378044616462F2B37D078
:10602C004FF0000801AB02AA31462046FFF76AFC8C
:10603C0050B3019E3378002B3ED0002302AA394680
:10604C002046FFF709FEF8B1A44608AD04F130076D
:10605C00DCF800000CF1100C5CF80C1CAE465CF883
:10606C00082C10355CF8043CBC45AEE80F00EFD1B1
:10607C00DCF8000008AF2860204600F0BFF984F877
:10608C00318084F83380CDE7002017B0BDE8F08371
:10609C0016F8011F2F29FBD00196B1B938222046E2
:1060AC003D6A09F0F7FA012340222562184684F86C
:1060BC00333084F83120E8E74B4602AA39462046B3
:1060CC00FFF7CAFD17B0BDE8F0833822002108A8FD
:1060DC003D6A09F0DFFA012308AF10958DF85330B3
:1060EC0040238DF851309BE719B101F58961FFF719
:1060FC007FBF0846704700BF90F8313063B991F804
:10610C00313013F0500F07D00B6813F01F0C03D174
:10611C0013466246FFF7A0BD002070478169F8B5B1
:10612C000446006A01B10131012201F069F901282C
:10613C00054632D901230146206A1A4601F0C0F9FE
:10614C00064650B3A3695BB394F83320510612D5BD
:10615C00591CA94218D022F04002E16984F833207E
:10616C0005E0206A01F0A8FA3946B0B1A3694F1CCA
:10617C0099423A46F5D34FF0FF322946206A01F096
:10618C009BFA50B1A16911B93046A561F8BD2A46F8
:10619C00206A01F091FA0028F6D100263046F8BDAD
:1061AC0094F8333043F0400384F83330ECE700BF0D
:1061BC0090F833309A0736D5C16970B50546A1B948
:1061CC000024214607E0037803F07F03037095F861
:1061DC0030308B4229D3013401222846FFF732FBA1
:1061EC00E1B20028EFD1002070BD5B06006A34D507
:1061FC0090F84534D5E902240933013ADBB244F175
:10620C00FF34C3F1200CDA40203B04FA0CFC24FAD6
:10621C0003F342EA0C021A430023013201F050F955
:10622C000028CDD1DFE70020704700232C6A85F8C9
:10623C003130204685F8333006F052FA0028D2D09F
:10624C0004F5047006F04CFA0028CCD0D4F84004C5
:10625C000368BDE870401B6A184701F04DFA00282E
:10626C00AED1C0E790F83130DB0601D40020704786
:10627C0010B5002288B000230446FFF777FC08E035
:10628C0020281BD19DF900309DF80020002B15DB38
:10629C0032B1202269462046FFF782FB0028EFD15D
:1062AC0094F833300822204643F0020384F831205E
:1062BC0084F83330FFF77CFF08B010BD002008B025
:1062CC0010BD00BF2DE9F0414FF0000882B04A4FDD
:1062DC0006464446414600223046FFF7B3FA0546CF
:1062EC0030B10178C02969D0C1292BD0852909D0BA
:1062FC0096F83230002043F0010386F8323002B0B9
:10630C00BDE8F08196F8313003F0370383803B68A9
:10631C0083B10DF103020DF1060101A89847BDF8F8
:10632C000630AB812B82BDF80430EB816B829DF87B
:10633C0003306B75326A92F8103243F0010382F825
:10634C0010322978A1F185000022B0FA80F04009C2
:10635C0001E00422A95CE303012A02F1010243EAF1
:10636C00540311FA83F39CB201D10028F1D11F2AF6
:10637C00F0D908F1010896F830305FFA88F18B42B9
:10638C00A9D2012206F12401306A01F015F9002886
:10639C00AED0356A4480284606F0A2F90028A7D072
:1063AC0005F5047006F09CF90028A1D0D5F840043E
:1063BC0003681B6A98470028A1D199E796F83330F7
:1063CC0013F0400F437814BF43F0020303F0FD03B6
:1063DC004370D6E90401D6E90732C5E90201D6E9D2
:1063EC0002016B61C5E9060192F8103243F001031A
:1063FC0082F810322978A5E7FC21002038B590F8F6
:10640C00313043B390F93320044690F83330002AEE
:10641C000CDB056A284606F063F978B994F832303B
:10642C00002043F0010384F8323038BD03F07F03C1
:10643C0080F83330BDE83840FFF744BF05F50470F1
:10644C0006F04EF90028E9D0D5F8400403681B6A21
:10645C0098470028E2D0012038BD00BF70B590F8F5
:10646C00313005465A064CD480682B6AD3F83C343C
:10647C001844B0F1806F01D3002070BD2846FFF79F
:10648C004DFE0028F8D0286A0024AE6990F84534F7
:10649C00023E9E40D0F82C341E443119052200F5E2
:1064AC000470013406F048F94FF400720021002802
:1064BC00E2D009F0EFF8286A012390F845249340C4
:1064CC009C42EAD395F831305B0615D495F833200D
:1064DC0062F07F02D5E9023185F83320D0F83C24F4
:1064EC009B1841F10000AB60D5E90431E8609B18C2
:1064FC0041F10001C5E904312846BDE87040FFF7C1
:10650C007DBF006A01F0FEF9AFE700BF70B504462D
:10651C0090F831009CB0002310F0180F0C931A93D4
:10652C0003D0206A0B6A984202D000201CB070BDC8
:10653C0040F601236846FFF75BFD0028F5D0A44622
:10654C0004F130060EADDCF800000CF1100C5CF818
:10655C000C1CAE465CF8082C10355CF8043CB445B9
:10656C00AEE80F00EFD1DCF8000009AA04F1240317
:10657C0028609DF8305007CA83E8070094F8333040
:10658C00204684F8305063F07F0384F83330FFF7F3
:10659C0035FF0028C9D00021022208230EA815912E
:1065AC008DF86B208DF86930FFF702FEBEE700BF57
:1065BC0038B591F8313013F0500F02D10025284630
:1065CC0038BD40F602230446FFF746FB0028F5D001
:1065DC001023204684F83130FFF740FF0546002891
:1065EC00ECD0A169002200232046E161FFF7BEFA3E
:1065FC00C12294F8313084F83320002BDFD04123B2
:10660C00204684F83330BDE83840FFF75BBE00BF4E
:10661C00F0B5002597B01F4690F831300192ADF8D7
:10662C0014501495002B46D191F831300E4613F0CE
:10663C00500F40D01378044611462F2B3ED001AB9F
:10664C0002AA2046FFF75EF9002834D0019B1B7884
:10665C00002B41D0002302AA31462046FFF7FCFA5A
:10666C0030B947B302AA31462046FFF7A1FF10B359
:10667C00A44608AD04F13006DCF800000CF1100C57
:10668C005CF80C1CAE465CF8082C10355CF8043C2D
:10669C00B445AEE80F00EFD1DCF8000008AE28607E
:1066AC002046FFF7EDF8019901AB02AA2046FFF74F
:1066BC0029F90028CAD1002017B0F0BD0131019191
:1066CC000B782F2BFAD0316A08A8FFF707F90028AE
:1066DC00F1D0019908AEB2E702AA31462046FFF785
:1066EC0067FF17B0F0BD00BF2DE9F04F0E4690F8D4
:1066FC00311083B009079DF830B09DF834909DF8A7
:10670C0038809DF83C7040F18580A2F2BC7294B246
:10671C007F2C7FD85A1E0B2A7CD80BF1FF321E2AF5
:10672C0078D8B8F13B0F98BFB9F1170F8CBF4FF069
:10673C00010A4FF0000A3B2F88BF4AF0010ABAF158
:10674C00000F67D105460193FFF758FE002861D072
:10675C00019B51464BEA431B7B0817F001074BEAA0
:10676C004424D34643EA481818BF6427A4B248EA25
:10677C00C92806F001091FFA88F800222846FFF7FD
:10678C0061F8002846D090F800C0BCF1850F45D0C8
:10679C000CF14003DBB2012B3CD8ACF1850100239A
:1067AC00B1FA81F1490902E0042310F803C04FEA61
:1067BC00CB32012B03F1010342EA5B021CFA82F299
:1067CC001FFA82FB01D10029EED11F2BEDD90AF162
:1067DC00010A95F830305FFA8AF18B42CDD2012252
:1067EC0005F12401286A00F0E7FE98B12C6AA0F8A4
:1067FC0002B0204605F074FF60B104F5047005F09A
:10680C006FFF38B1D4F8400403681B6A03B0BDE8CD
:10681C00F04F1847002003B0BDE8F08F95F83130E9
:10682C002A6A03F03703838092F8103243F0010395
:10683C0082F81032B9F1000F02D0A0F81080448217
:10684C00B20703D50775A0F808804481730703D5F8
:10685C004775A0F80C80C48190F800C09DE700BF7C
:10686C0090F833309A0762D570B5C56982B004468A
:10687C00A5B313F0400634D0006AA26890F845C462
:10688C00013AE1680CF1090C41F1FF315FFA8CFC23
:10689C00CCF1200E22FA0CF2ACF1200C01FA0EFE17
:1068AC0021FA0CFCA16942EA0E0242EA0C02013206
:1068BC0019B3013D6D1A01312A44019172BB63F089
:1068CC007F03204694ED007B84F8333084ED027B0B
:1068DC0084ED047BFFF792FD02B070BD012002B085
:1068EC0070BD816961B90195C1612946206A00F0CA
:1068FC0003FFC8B194F83330E1E70195E161DDE7BE
:10690C0001AA006A019600F0B5FE00280CDB10D13C
:10691C00019D002DE9D194F83330D0E70023019983
:10692C0000F0CEFD0028E5D1002002B070BD0020A3
:10693C0070474FF0FF32A169206A00F0BDFE0028BD
:10694C00E6D1F1E72DE9F04390F8333083B00446FB
:10695C009D0740F1A18091461A070E4600F19580E3
:10696C00B9F1000F00F0288123684D46206AA16917
:10697C00D0F8382402EA0308C8F30807B8F1000F6E
:10698C0040F09480002900F0D48094F833305B06FA
:10699C0040F1EC8090F845C4D4E902320CF1090CBA
:1069AC00013B5FFA8CFC42F1FF32CCF1200E23FA52
:1069BC000CF3ACF1200C02FA0EFE22FA0CFCE2698C
:1069CC0043EA0E0343EA0C031344994280F0D5804A
:1069DC000131A16190F845240239D0F82C34914052
:1069EC001944B5F5007FC0F08A80B5F5806FC0F012
:1069FC00A680012393406A0AA3EB0803934228BFA5
:106A0C001346D0F81C228A424FEA432809D35F1858
:106A1C00BA4206D2002280F810224FF0FF32C0F8A2
:106A2C001C22D0F8140232460768BF6AB84798B3E4
:106A3C0043464644A5EB0805D4E90072D4E90401A9
:106A4C00DB1942F1000298429141C4E9003207D2AD
:106A5C0094F8331061F07F01C4E9043284F83310E8
:106A6C00002D83D1D4E9020198429141C0F0968067
:106A7C00534B1B68002B00F09D8094F83330484634
:106A8C0063F07F0384F833300DE0D0E90423FFF783
:106A9C006DF800287FF464AF94F83230002043F096
:106AAC00010384F8323003B0BDE8F08390F845243C
:106ABC0002394FEA5828D0F82C34914041441944FB
:106ACC00002F8ED0C7F50078012200F50470A84580
:106ADC0028BFA84605F030FE0028DDD038444744D6
:106AEC004246314606F0F0FEB7F5007F206A9FD192
:106AFC0000F5047005F0F4FD002899D1CCE762682C
:106B0C00636900920193226923689342DDE90023B3
:106B1C009A4112D2012200F5047005F00DFE0028F6
:106B2C00BAD02A4631463844A84606F0CDFE2B464C
:106B3C007FE7E16949B3A1614CE70522EBE7D0F8A7
:106B4C001C328B4206D1002380F810324FF0FF33F9
:106B5C00C0F81C32D0F81402324603685B6A9847BE
:106B6C00002899D04FF40073984662E704F118029C
:106B7C0000F080FD00288FDB04D12046FFF7CEFA11
:106B8C00002889D0A169206A24E72046FFF7C6FABD
:106B9C00002881D0A169206AE1611BE794F83310C9
:106BAC004846C4E9023261F07F0384F8333003B005
:106BBC00BDE8F083484676E7D4E9003252E700BFDF
:106BCC00FC21002069B170B5054608460C4608F05A
:106BDC003FFE2B680246214628465B68BDE87040A4
:106BEC00184770478368C3F3080383B1002110B4BE
:106BFC000269D1540133B3F5007FF9D10168D0E9B2
:106C0C0003321C681846636A5DF8044B1847012070
:106C1C00704700BF82680346006940F2FF1CC2F354
:106C2C00080281546245586801EB7001986800F1C4
:106C3C000100C3E9011001D001207047D868196820
:106C4C0010B404684A1C646A1A601A6923465DF819
:106C5C00044B184738B58368CAB20D460169C3F3B3
:106C6C00080340F2FF1C0446CA546345416802EB1A
:106C7C0071024260826802F10102826005D0290A29
:106C8C002046BDE83840FFF7C5BF0168C0684A1C04
:106C9C0003685B6A2260226998470028EFD138BDEF
:106CAC00F8B50023064601601D46C0E90133A8B2C1
:106CBC0005F07EFEA842044607D0C1B23046FFF76D
:106CCC00A9FF00283BD10020F8BD6C1CB4F5803F17
:106CDC0004D12AE00134B4F5803F04D0A0B205F011
:106CEC0067FEA042F6D0671BB7F5007F1DD34FF6A9
:106CFC00FF713046FFF7AEFF0028E4D0B9B2304642
:106D0C00FFF7A8FF0028DED02546B5F5803FCED191
:106D1C003046BDE8F840FFF765BFC5F307213046A4
:106D2C000135FFF777FF0028CDD0A542E9B23046F8
:106D3C00EBD2FFF76FFF0028EFD10020F8BDC4F3B2
:106D4C0007213046FFF766FF0028BCD00135DCE791
:106D5C002DE9F04F1F4689B00B680D460490144680
:106D6C00C16002610846DB699847B0F5801F00904E
:106D7C00C0F0D88000230122009E01335200DBB208
:106D8C0001D09642F9D81C2B009640F2B780A3F1A3
:106D9C000B08012248FA02F1C8F347088A40029115
:106DAC000792013301225B109A40069204229A400A
:106DBC000392022202FA03F30193009A0021039B2F
:106DCC002046029E4FF0010AD31A4FF400724AF685
:106DDC00552BF34003FA06F90593019E08F05AFC73
:106DEC00FF2384F8BFA184F8C0A1B14484F8C43156
:106DFC00224684F8C53107230021284684F8C23185
:106E0C00FE23C4F8C66184F8C3312B68C4F8CA9158
:106E1C005B6AA4F8FEB19847002863D04FF4007267
:106E2C000021204608F036FC009B84F86D804FF062
:106E3C0000086366F421059B04F17800069AE3656B
:106E4C002023266423726372A372EB23A665464645
:106E5C0023707623C4F848906370902384F86EA056
:106E6C00A3704523E3705823237146236371412398
:106E7C00A3715423E371042323664FF48073A4F8A5
:106E8C006830092384F86C308023C4E9142284F818
:106E9C006F304FF4C37208F0FDFBA4F8FEB1A8F1FB
:106EAC006A03012B06D9B8F1700F03D014F808301F
:106EBC0003EB760608F10108B8F5007FEFD12B68DB
:106ECC002246DDF8049028465B6A4946984748B14B
:106EDC002B684946224628465B6A0C31CDF8049053
:106EEC00984740BB2FB13B680F22B84938465B68C6
:106EFC0098470026304609B0BDE8F08F1A2B4FF0AA
:106F0C00080800F2A6814FF48043CDF80880019365
:106F1C004FF4004303934FF4807307934FF40053E3
:106F2C0006934AE7002FE4D03B681522A84938465F
:106F3C005B689847D7E742460021204609F1010AD1
:106F4C0008F0A8FB4AF6552309F1090204F2FF19CF
:106F5C00A4F8FE3100239346A04601E018F8013F47
:106F6C00C14503EB7606F9D12B68224651462846DB
:106F7C005B6A98470028B5D02B6822460AF10C01B1
:106F8C0028465B6A98470028ACD00AF101039B4560
:106F9C0002D09A462378DFE74FF400720021204696
:106FAC009B4608F077FB00220AF1030A11462346A0
:106FBC0001E013F8011F984501EB7606F9D12B6817
:106FCC002246594628465B6A984700288AD02B6887
:106FDC0022460BF10C0128465B6A9847002881D0A9
:106FEC000BF101018A456AD1231F04F5FE7243F8A7
:106FFC00046F9A42FBD12B68224628465B6A98475D
:10700C0000283FF46FAF2B680BF10D012246284688
:10701C005B6A984700283FF465AF2FB13B680C22A0
:10702C006C4938465B689847069A0021019B2046BC
:10703C00002613444FF400729946059B4FEA8308CF
:10704C0008F028FB23464FF0FF3208F20728F821FE
:10705C00B7F1000B4FEA582A03F8011B4FEA983896
:10706C00C4F8012018BF4FF0010BDA605A609A6027
:10707C00C3F80F2002E00136B24523D0B6FBF8F37B
:10708C0008FB136343B9BBF1000F05D03B68012229
:10709C00514938465B6898472B6809EB0601224634
:1070AC0028465B6A984700283FF41CAF002EE2D1BB
:1070BC0031464FF40072204608F0ECFADBE78B46C1
:1070CC00217874E7002F34D03B68022243493846BC
:1070DC005B689847059E079A0736F60806F2FF1379
:1070EC00B2EB532F4FEA5329FFF4FDAE4FF400726D
:1070FC000021204608F0CEFA07232370B9F1000FC7
:10710C0000F08A804FF0000808E0B8F1000F01D1C0
:10711C0084F8008008F10108C1457BD9039A284600
:10712C002B6802EB080122465B6A98470028ECD1D9
:10713C00D8E6059E079A0736F60806F2FF13B2EB5F
:10714C00532F4FEA5329FFF4D4AE4FF40072394653
:10715C00204608F09FFA07232370B9F1000FD1D114
:10716C00039B079A04989918FFF79AFD00283FF49F
:10717C00C0AE029A4FF400739340049A92689A42FC
:10718C003FF6B7AE4FF00208029B4FF4007200219D
:10719C0008FA03F9039B2046994408F07BFA8122F4
:1071AC000323049909F1FF3984F8202082222370EB
:1071BC0084F84020C4E90D864A684FF001086365E5
:1071CC0062648B68A3650023E3650EE03006002043
:1071DC00CC050020E4050020F40500200C0600205E
:1071EC00079B98453BD208F101082B6809EB080175
:1071FC00224628465B6A9847064600283FF472AE42
:10720C00B8F1010FECD14FF400720021204608F0C8
:10721C0041FAE8E7002FA3D03B6816221449384600
:10722C005B689847039B079A04989918FFF738FDF9
:10723C0000283FF458AE029A4FF400739340049A1E
:10724C0092689A423FF64FAE0A493846FFF7BAFCAD
:10725C0098E74FF48072CDF808800792A1E5002FD3
:10726C003FF448AE04493846FFF7ACFC42E600BF99
:10727C00F805002010060020200600202DE9F04122
:10728C000C46154601F11E08AB89284634F8027FDE
:10729C001BB9D5E901239A420ED005F075FA05F019
:1072AC0087FB0646384605F083FB864209D14445E8
:1072BC00EAD10120BDE8F081B7FA87F04009BDE8BA
:1072CC00F0810020BDE8F0812DE9F04F90F83130CD
:1072DC0083B08846002B4FD090F830300746012BF6
:1072EC0053D9013A0B464FF0020A00248E18DFF8EE
:1072FC00A0B00022514638460193FEF7A3FA0028AD
:10730C003AD00278C12A37D1054600F11E09019BFB
:10731C0035F8020F24B300F5105292B2B2F5806F1B
:10732C002AD20BEA8424C0F30900204300F58030F4
:10733C001946324605F09EFA0346E8B100244D4545
:10734C00E6D10AF1010A97F830205FFA8AFA524521
:10735C00CFD2A3EB08009846002388F800300FE04A
:10736C0000F5205292B2B2F5006F02D30028DFD1A3
:10737C00EFE7B2F5806F06D30023184688F800308B
:10738C0003B0BDE8F08F0446D9E70020E4E700BF66
:10739C0000FC0F0070B50C4600234FF6FF752268F9
:1073AC0019461E46A3812361626017E005F0ECF9D3
:1073BC00A84222D005F0FCFA2369F203A18901331B
:1073CC0042EA5602060A236152FA80F083B2C0F3F5
:1073DC004E0040EAC33016FA80F086B220460029EF
:1073EC00E4D1D4E901239A42E0D12069A682013884
:1073FC00FE288CBF0020012070BD002070BD00BF96
:10740C002DE9F84F07468A469146002942D0A1F152
:10741C000208D7F83034434542D908F00703012558
:10742C00C8F3C80B9D40EDB246464446D7F82C1421
:10743C000022384601EB143105F07EF9E8B10BF16E
:10744C00FF3B834400F2FF101BF8011F0AE04A4582
:10745C002BD0A04510D0D7F83054A54214D913F036
:10746C00FF050CD0013429424FEA4503A4EB060278
:10747C00EDD0A0452646EED10120BDE8F88F584549
:10748C004FF00105E0D101E00026344601254FF014
:10749C00000BCBE7D0F82084D7F830344345BCD868
:1074AC004FF000080125C346BEE7BAF1000F04D126
:1074BC00B9F1010F08BFC7F82064B01CBDE8F88F04
:1074CC002DE9F8438046881E15461E468318D8F8C9
:1074DC003024934237D8CEBBD8F82034834288BFAF
:1074EC00C8F8200400F007030124D8F82C74C0F36A
:1074FC00C8099C4007EB1031E4B2012240468F18BA
:10750C0005F01AF9F8B109F1FF3E864400F2FF10BC
:10751C001EF801CF1CEA040F8CEA040C4FEA440459
:10752C0014BF01220022B2420DD0013D8EF800C0E2
:10753C0018D014F0FF04EDD17045A1464FF00104B2
:10754C00E6D13946D9E70020BDE8F883D8F82014F5
:10755C008B42C7D98142C5D3934228BF0023C8F8B8
:10756C002034BFE70120BDE8F88300BFF8B5D0F8A0
:10757C00303401338B4201D20020F8BD07460C4653
:10758C0000F50476002505E0D7F8303401350133D9
:10759C00A342F1D3D7F824140022304601EBD411C6
:1075AC0005F0CAF8A4000028E6D0C4F30804045976
:1075BC00631CE9D1681CF8BD38B50C460B6890F813
:1075CC0045C400F50470D0F82812023B656803FA34
:1075DC000CF3294003EB5123D0F81C12194405F08D
:1075EC00ABF818B16368C3F30803184438BD00BF87
:1075FC002DE9F8430C46D0F8383449680B40114457
:10760C006160134490F8451401F10902D2B2D340E1
:10761C002BB380465D1E00F5047905E02368013D1F
:10762C0003F1010323601AD3267A002EF6D1D8F881
:10763C00303432462768484601339F4212D8D8F876
:10764C00241401EBD71105F077F8BF0050B1C7F344
:10765C000807C3595A1C09D0013D2360E4D201200C
:10766C00BDE8F8834FF0FF30BDE8F8833046BDE845
:10767C00F88300BF38B5D0F8303401338B4202D2D6
:10768C004FF0FF3038BD0C46D0F82414154600F5E9
:10769C000470002201EBD41105F04EF80028EFD055
:1076AC00A400C4F3080403595A1C02D001202B6017
:1076BC0038BD002038BD00BF01291BD938B5D0F822
:1076CC0030340C4601338B4201D2002038BDD0F847
:1076DC002414154600F50470012201EBD41105F0B9
:1076EC002BF803460028F0D0A4000120C4F30804B2
:1076FC001D5138BD00207047D0F830340133994209
:10770C0001D9002070472DE9F04F054683B00C4697
:10771C0000F504790F464FF00008D5F82414002228
:10772C0048464FEAD41B01EBD41105F005F890B193
:10773C00A300C3F30803C2580193531C16BF16468B
:10774C004FF0000A4FF0010A012C04D9D5F830246F
:10775C000132944203D9002003B0BDE8F08FD5F874
:10776C00241401224846594404F0E6FF0028F2D0C4
:10777C00019B40F80380BAF1000F12D00134B442DF
:10778C0008D00023E21B39462846FFF799FE002853
:10779C00E1D03746D5F830340133B342DBD334462D
:1077AC00BBE7621C534639462846D21B03B0BDE8E2
:1077BC00F04FFFF785BE00BF2DE9F84300250646C4
:1077CC00D0F82C1400F504782C46002240464F1CAF
:1077DC0004F0B2FFA8B100F1FF3E04F58059D6F8D1
:1077EC00300405E079B90834844209D24C4516D0EE
:1077FC001EF8011FFF29F5D1083408358442F5D352
:10780C00401BBDE8F8830822012319424FEA430CC0
:10781C0018BF0135013A5FFA8CF3F6D1E3E739462C
:10782C00D3E700BFF8B500234FF0FF3600F504771F
:10783C001546C0F84014044641601A46C0F81412AC
:10784C00194680F844340370C66080F81032C0F8D2
:10785C001C62384604F070FF042D0DD8064658B152
:10786C00BDB16B1E00EB031393F8BE2112F07F0227
:10787C0002D193F8C2310BB90020F8BD00EB05160C
:10788C003846D6F8B651294604F056FF064600286D
:10789C00F2D005221A49F01C07F04EFF0028EBD15C
:1078AC0096F86C30092BE7D1336D01462B44C4F8A4
:1078BC002434736DC4F82834B36D2B440125C4F8FB
:1078CC002C34F36DC4F83034336EC4F8343496F879
:1078DC006D20C4F82004204602F1090384F84524E5
:1078EC0005FA03F35A1EC4F83C34C4F838242A466B
:1078FC00FFF786FD4023284684F84434F8BD00BFCA
:10790C004006002010B50446D0F83414FFF72EFEC4
:10791C0094F845340933DBB2984010BD70B590F93A
:10792C00023082B00446002B0DDBA56805F128005F
:10793C0004F0D6FE00283BD16378002043F001030D
:10794C00637002B070BD80680122A169283004F018
:10795C00F3FE0028F0D0A58805F00F056B0100EBB5
:10796C004515C35CE52BE7D023781B0701D5E369EC
:10797C00EB61236A15491A0C6B830E68AA8266B1F7
:10798C000DF103020DF1060101A8B047BDF804305A
:10799C00BDF806202B836B82EA82A378A56803F0DE
:1079AC007F0305F12800A37004F09AFE0028C3D0D1
:1079BC0005F50E7004F094FE0028BDD0286803680D
:1079CC001B6A98470028B7D0BBE700BFFC210020FA
:1079DC00024638B552F8105F04468068294602F01A
:1079EC0021F950B155B123690135AB42A37818BFC9
:1079FC0003F0BF0363F07F03A37038BDA37843F09B
:107A0C004003F7E7F8B5047814F0200404D11A4BBE
:107A1C00054642699A4202D300273846F8BDFFF763
:107A2C00D7FF07460028F7D0A8682E698279023E56
:107A3C00416996400E440179A9B1214606E007F050
:107A4C0029FEA868E1B202798A420BD93144052299
:107A5C002830013404F070FE4FF40072002100282D
:107A6C00EDD1D9E782794FF40073696938469340B8
:107A7C0011FA83F36B61F8BD00FE1F0010B50446CC
:107A8C0080680A462830A16904F056FE20B1A3880C
:107A9C0003F00F0300EB431010BD00BF10B50378CB
:107AAC0004462BB1FFF73AFF00232370A37010BDDF
:107ABC00002301202370A37010BD00BF38B50378DC
:107ACC0005460C4613B1FFF729FFF0B1A868002258
:107ADC00A969283004F030FEB8B1AA8802F00F0270
:107AEC0000EB421352015D6880589968DA68206097
:107AFC006560A160E26018695D699969DA69206165
:107B0C0001206561A161E26138BD002038BD00BF74
:107B1C0030B589B00D4614466946FFF7CFFF28B142
:107B2C00BDF81020BDF80E302A80238009B030BD7E
:107B3C0030B589B00D4614466946FFF7BFFF28B132
:107B4C00BDF81820BDF816302A80238009B030BD4E
:107B5C000B7813F0700F01D100207047F0B540F690
:107B6C00022389B00D46044601F0F0F838B1012229
:107B7C0010232046A2702370FFF744FF10B9002099
:107B8C0009B0F0BD2269237822626BB1636933B10D
:107B9C00A378002223F02003C4E90422A37020461A
:107BAC00FFF7BCFE0028EAD0A0680122A1692830AA
:107BBC0004F0C2FD0028E2D0B4F804C010220CF08E
:107BCC000F0C4FEA4C1300EB4C1C8CF80B20C058DC
:107BDC00A768236A97F806E09E1EDCF80410DCF810
:107BEC000820DCF80C3006FA0EF6EE46AEE80F0074
:107BFC00DCF81000DCF81410DCF81820DCF81C3071
:107C0C00AEE80F007B6907F128000122F1184FF054
:107C1C002033CDF80130CDF80530ADF8093004F043
:107C2C008BFD84460028AAD02E27EE468DF80070D6
:107C3C007646BEE80F00CCF80000CCF80410CCF867
:107C4C000820CCF80C308DF80170BEE80F00CCF891
:107C5C001000CCF81410CCF81820CCF81C302B6A7F
:107C6C001A0CADF81A30ADF814200FCECCF8200059
:107C7C00CCF82410CCF82820CCF82C300FCECCF833
:107C8C003000CCF83410CCF83820CCF83C30A46858
:107C9C0004F1280004F024FD00283FF470AF04F533
:107CAC000E7004F01DFD00283FF469AF20680368D6
:107CBC001B6A09B0BDE8F040184700BF2DE9F04140
:107CCC00002694B0984603780192ADF814600B9698
:107CDC00002B41D10B780D4613F0700F3CD013786C
:107CEC00044616462F2B3BD0002728E0019E367801
:107CFC00002E50D001F02AF8034602AA294620464D
:107D0C002BB9B8F1000F27D0FFF722FF20B3A646FE
:107D1C000DF12C0CBEE80F00ACE80F00BEE80F0014
:107D2C00ACE80F00DEF8005020462378CCF8005069
:107D3C000BB1FFF7F3FD019E0BAD2770A770314619
:107D4C0001AB02AA204601F04DF9064602AA2946CB
:107D5C0000232046002EC9D1002014B0BDE8F081CC
:107D6C000136019633782F2BFAD0AD6824220021EE
:107D7C000BA807F08FFC0D95EB79102B03D0202B63
:107D8C000FD00C2BE8D120238DF82C3001230BAD18
:107D9C008DF82E30A8E702AAFFF7DAFE14B0BDE882
:107DAC00F0814023F0E700BF2DE9F041002594B0AD
:107DBC009846037801920295ADF83850002B37D1D4
:107DCC000B780E4613F0700F32D01378044615461C
:107DDC002F2B31D000271EE0019D2D78002D40D097
:107DEC0000F0B4FFA6460DF1080C08B366462578E2
:107DFC00BEE80F00ACE80F00BEE80F00ACE80F00C7
:107E0C00DEF800302046CCF800300DB1FFF786FDCF
:107E1C00019D2770A770294601AB0BAA204601F0E3
:107E2C00E1F805460BAA314600232046002DD3D19C
:107E3C00002014B0BDE8F0810135019529782F2977
:107E4C00FAD0A9B9B5682422204607F023FCA56016
:107E5C00EB79102B03D0202B22D00C2BE8D1202235
:107E6C001FE043460BAA00F071FF14B0BDE8F0818F
:107E7C00B6682422002102A807F00CFC0496F379C2
:107E8C00102B03D0202B03D00C2BD1D1202300E0BE
:107E9C0040238DF80830012302AE8DF80A3099E7A3
:107EAC004022012322701846A370C2E719B101F5D4
:107EBC008961FFF779BF0846704700BFCB6870B582
:107ECC000D46044693B906780EB1184670BD8D6800
:107EDC002422314607F0DEFBA560EB79102B18D07D
:107EEC00202B10D00C2B14D0304670BD2422002136
:107EFC0007F0D0FB01201023A0702370D5E90223DA
:107F0C00A260236270BD4022012322701846A37028
:107F1C0070BD2022F8E700BF70B505780DB10020C8
:107F2C0070BD0E4604462422294607F0B3FBA6601A
:107F3C00F379102B0BD0202B03D00C2B07D0284619
:107F4C0070BD4022012322701846A37070BD202200
:107F5C00F8E700BF2DE9F04F2DED028B837883B04D
:107F6C000546DF0740F18C808846017892460E0763
:107F7C0000F191808C0608D583685A894369C3EB5C
:107F8C0042139BB29A4528BF9A46BAF1000F00F0F3
:107F9C00AF806A6905F11003880656464FF0000958
:107FAC0008EE103AAF68C2F3080B3DD5396A01EB05
:107FBC005221BBF1000F51D1B6F5007F4ED37A6B35
:107FCC0091424BD0B6F5806FC0F082802878730A4E
:107FDC00800605D43879A0EB0900834228BF0346FC
:107FEC0091424FEA43240CD8C818824209D207F1B7
:107FFC002800CDE9001304F073FBDDE90013002821
:10800C003ED0F86A026857694246B847002837D014
:10801C006A69361BA04422446A6169D02978C2F38C
:10802C00080BAF688806C1D497F8059009EA522965
:10803C00BBF1000F36D1B9F1000F33D1002A33D187
:10804C004A064CBF3A6A2A6A2A61023AB8797969B7
:10805C00824049441144BBF1000FADD0CBF5007404
:10806C00002207F12800B44228BF344604F064FB18
:10807C0030B100EB0B012246404605F025FCC7E76A
:10808C006B784FF0FF3043F002036B7003B0BDEC24
:10809C00028BBDE8F08FC36942699B1A9A4528BFD1
:1080AC009A4672E72A69D0E70B0705D5AA785406D9
:1080BC0002D52A690132C7E718EE102A3846296919
:1080CC0001F0FEFD0028DBDB0CD0AF682A69BCE7B1
:1080DC00F86A424603681B6998470028D0D04FF4D1
:1080EC00007495E72B7813F0700FC9D0AAEB060A31
:1080FC00504603B0BDEC028BBDE8F08F70B582B07A
:10810C00012204460DF10701D0E90456FFF722FFC6
:10811C0001280CBF9DF807004FF0FF30C4E904564E
:10812C0002B070BD436913F4F07F30B5044683B0E0
:10813C00C3F3431509D0012907D120334361A0684B
:10814C00383000EB451003B030BD01220DF10701B2
:10815C002046FFF7FFFE40B2012803D163691F33AD
:10816C006361ECE70020EEE72DE9F04103789AB06B
:10817C00002613F0180F0896119606D01746836840
:10818C008A6804460D469A4203D000201AB0BDE816
:10819C00F081FFF7C3FBA6460DF1440CBEE80F00BF
:1081AC00ACE80F00BEE80F00ACE80F00DEF80030C2
:1081BC003246A169CCF80030A36803F1280004F022
:1081CC00BBFA0028E1D0A288EC4694F8008002F0BB
:1081DC000F0200EB421E5201DEF804108058DEF84C
:1081EC000C30DEF80820ACE80F00DEF81410DEF8D6
:1081FC001820DEF81C30DEF81000ACE80F0018F088
:10820C0008033A46294640F09B8008A8FFF756FD24
:10821C000028BAD0109EBDF8243000250E990122FA
:10822C00A3809DF82330A068E3700B9B2830A161DC
:10823C00E3608DF820508DF8225004F07DFA002870
:10824C00A3D0A38803F00F0300EB4310DDF80D302F
:10825C00C0F80D30DDF81130C0F81130DDF81530F4
:10826C00C0F81530DDF81930C0F81930BDF81D30E4
:10827C00A0F81D309DF81F30C3779DF80B30C372EA
:10828C00002E3BD0A068B31E2A46817928308B4043
:10829C0050F8141C194404F04FFA054600283FF41A
:1082AC0074AF006A6F46696AAA6AEB6A0FC7286BDB
:1082BC00696BAA6BEB6B0FC73146A06801F022FD0E
:1082CC0000283FF462AFA068236A82792830023B11
:1082DC0050F8141C93400122194404F02DFA064660
:1082EC0000283FF452AF6D460FCD30627162B2621E
:1082FC00F3620FCD30637163B263F363002102222A
:10830C00082311A819918DF846208DF8443000F0FF
:10831C00D3FE00283FF439AFA46804F1280004F020
:10832C00DFF900283FF431AF04F50E7004F0D8F9F2
:10833C0000283FF42AAF206803681B6A984725E79A
:10834C0040F601236046FFF72FFD00287FF463AF52
:10835C001BE700BF0378DA0601D40020704743699D
:10836C0030B5044683B033B18378002223F0200368
:10837C00C0E90422837000230FE06361A3686A01E3
:10838C0038339A5C03EB4513EAB1E52A04D02E2A64
:10839C0002D0DB7A1B0722D5636913F4F07FC3F399
:1083AC00431503F12003E8D101220DF1070120460A
:1083BC00FFF7D0FD40B2012803D163691F3363611D
:1083CC00DCE763785BB9A3780822204643F002030C
:1083DC002270A37003B0BDE8304000F06DBE0020E9
:1083EC0003B030BD2DE9F041037804460769002B3A
:1083FC0039D00D464169A94242D0002D37D018071B
:10840C002AD5E269AA422ED3D4F808C06E1EA278EF
:10841C009CF8060012F0400F00F10900C0B226FAD9
:10842C0000F630D14A1EC24009B196422FD25B06EB
:10843C004CBFDCF82030236A236104F1100806E0FD
:10844C002169013EA06801F03BFC00280BDD42468F
:10845C00002EF5D1A2780CE09A06D5D5A3685B89DD
:10846C00B5EB431FF6D900202761BDE8F081827877
:10847C00056122F0200201206561A270BDE8F08147
:10848C000120BDE8F081236A33442361F1E7B61A79
:10849C00D3E700BF2DE9F0410E46154600212422FA
:1084AC00044698469DF8187007F0F4F8B068336AE3
:1084BC0000F13802A58005F00F0502EB4512C4E966
:1084CC000203D17A0B0711D401F017012170D37A72
:1084DC0013F0180F02D141F00801217008F00303CA
:1084EC00E770012B38D0022B06D0F3B100231846CD
:1084FC002370A370BDE8F08103232178CD06F5D459
:10850C00CE07F3D408F0080118F4806F43EA010396
:10851C00A370416B958AA161518B41EA054112D040
:10852C0019BB63F07F03A37010E018F4806FDDD1EA
:10853C0008F0080343F00103A370416B938AA16117
:10854C00518B41EA03412162D369E36118F4804FF6
:10855C0004D10120BDE8F0810223CEE7E169204679
:10856C00FFF740FF0028F4D1C0E701F0CBFB002857
:10857C00BCD0A378D5E700BF0378002B45D12DE9FB
:10858C00F0470B7884B00C4613F0700F30D04B6969
:10859C0013F01F052CD106469046A94601220DF179
:1085AC000F012046C3F3431A5F09FFF7D3FC40B217
:1085BC004FEA4A1201281BD16369A1681F3301F1EC
:1085CC00380C63611CF802200CEB4A1C82B12E2A79
:1085DC0012D0A2F1E500B0FA80F0400960B99CF825
:1085EC000B1011F0080E12D00F2907D00546D5E755
:1085FC00002004B0BDE8F0870025CFE75106CDD5AB
:10860C0002F01F059CF80D90C8E70020704785B15B
:10861C000CF10A0101E01CF8012F4FEACE13614561
:10862C0043EA5E0352FA83F35FFA83FEF3D1CE453D
:10863C00DED14346BAB2214630460095FFF72AFFF9
:10864C00D7E700BF03780BB1FFF768B9012070477B
:10865C002DE9F0470E46017882B009079DF8287085
:10866C009DF82C909DF830A09DF8348018D5A2F27E
:10867C00BC7294B27F2C13D85A1E01930B2A0FD8BC
:10868C007A1E1E2A0CD8BAF13B0F98BFB9F1170FFE
:10869C0006D8B8F13B0F03D80546FFF73FF918B9D8
:1086AC00002002B0BDE8F087A8680122A969283033
:1086BC0004F042F80028F3D0019B4FEA5802A98835
:1086CC0047EA4313F70701F00F0142EA4A1243EA63
:1086DC00442300EB41109BB242EAC92248BF4382BB
:1086EC00B40792B208D518F001080382C28118BFF2
:1086FC004FF0640880F80D80710701D50383C282A6
:10870C00AC6804F1280003F0EBFF0028C8D004F596
:10871C000E7003F0E5FF0028C2D0206803681B6AC6
:10872C0002B0BDE8F047184783789B0727D5036A4A
:10873C0010B5044682B0ABB1016911BB0193016263
:10874C001946A06801F0DEFAB0B1A378616963F054
:10875C007F032278E161A37022B12046FFF7DEF897
:10876C0002B010BD012002B010BD6FF07042216943
:10877C00A06801F0B7FA68B9002002B010BD002063
:10878C007047002301AA8068019301F099FA002830
:10879C00F2DBEAD1019B002BD7D0D1E72DE9F047D2
:1087AC00837805469C0777D588461907914600F1D2
:1087BC00B5806B6913EB09026ED2B9F1000F40D092
:1087CC004F464FF0000AA868C3F30806296944799C
:1087DC0014EA53243FD1002E3DD100296ED0AA7843
:1087EC00520676D5EA699A4273D901312961023968
:1087FC008279436991401944B7F5007F53D3B7F59B
:10880C00806F70D303797A0A1B1B934228BF1346DF
:10881C00426B8A424FEA432407D35E18B24204D219
:10882C004FF0FF3280F828A04263C06A42460668C7
:10883C00B66AB04780B36B693F1BA04423446B619D
:10884C00C1D1EA699A4276D2AA784846EB6162F0C5
:10885C007F03AB7025E0827902394369914019445A
:10886C002144002EC8D0C6F500740122BC4228BF9A
:10887C003C46283003F060FF70B130442644224659
:10888C00414605F021F8B6F5007FA868D3D1283011
:10889C0003F026FF0028CED16B78002043F00103B3
:1088AC006B70BDE8F087C6F500746A69EB69BC4271
:1088BC0028BF3C469A4205D30522DAE7296A21B340
:1088CC00296194E7AB7813F0200F14BF0522012225
:1088DC00CFE705F1100201F0F3F90028DCDB24D01E
:1088EC00A868296983E7436B8B4204D14FF0FF33AF
:1088FC0080F828A04363C06A424603685B6A9847C5
:10890C000028C9D04FF4007495E72846FFF760F8AB
:10891C000028C1D02969A868296268E7C169FFF7F6
:10892C0061FD00287FF445AFB6E72846FFF750F805
:10893C000028D5D1B0E7054B1B682BB1AB78484666
:10894C0063F07F03AB70ACE74846AAE7FC2100203C
:10895C002DE9F04F84468DB01446156898460646AE
:10896C00894603AF01934FF0000EBCE80F000FC710
:10897C00BCE80F000FC7DCF8003065603B60434675
:10898C00A4F80CE0002B3FD04FF0010AA9EB0A0130
:10899C0003A889B24901FFF725FD50B3002103A8B4
:1089AC00FFF7C0FB074620B300250DE003F0ECFEFB
:1089BC008046584603F0FCFF8346404603F0F8FF20
:1089CC00834516D10D2D18D0EAB239463046013503
:1089DC0000F0E4FEA38983462046002BE6D1D4E9BF
:1089EC0001329342E2D1BBFA8BF040090DB0BDE8E5
:1089FC00F08F00200DB0BDE8F08F0AF1010A019B49
:108A0C005FFA8AFA5345C1D20120EFE72DE9F04F06
:108A1C0007468DB016469A460DF10C0C02F1150462
:108A2C0002F1200501914FF000090FCFACE80F00C7
:108A3C000FCFACE80F003B68CCF800304FEAC913FD
:108A4C0014F8012F43EA5903A54252FA83F35FFA53
:108A5C0083F9F3D133684FF000087360A6F80C80EB
:108A6C00BAF1000F4ED00127019B03A8D91B89B284
:108A7C004901FFF7B7FC002855D0002103A8FFF7E8
:108A8C0051FB00284FD0059A574500F1010B4FF0D0
:108A9C00010492F828304FF0000543F0010382F8EE
:108AAC0028304FF00F030CBF47F040023A46C37218
:108ABC004FF00003027003734FF0000380F80D9029
:108ACC00438306E0ABF80000013401350BF1020BD7
:108ADC00E4B2B08918B9D6E901239A4216D03046CF
:108AEC0003F052FE042DEBB2ECD90A2B02D8ABF8F2
:108AFC000300E9E70D2CABF80500E5D10137FFB217
:108B0C00BA45B1D201200DB0BDE8F08FB8F1000F1D
:108B1C0006D008F101084FF6FF705FFA88F8E1E71C
:108B2C004FF00108DEE700200DB0BDE8F08F00BF6C
:108B3C0002464FF0203152F8163B2DE9F043C0F8B5
:108B4C001610864684685160C2F807101A782E2ACF
:108B5C0014BF0120002003D113F8012F2E2AFBD0C3
:108B6C00611E99420BD90A4602E09342114606D087
:108B7C001146013A91F800C0BCF12E0FF5D19C4280
:108B8C004FF0000540F2868007260827A946A84624
:108B9C0006E001330A264FF0080910279C425BD9E6
:108BAC001A782E2A08BF9942F3D0222A0DD07C2A9B
:108BBC000BD0A2F15B0CBCF1020F06D9A2F12A0C6E
:108BCC00BCF1050F21D82D2A1FD002F0C002802A3B
:108BDC005DD04E452FD299422CBF002001200A2E89
:108BEC0008BF40F00100002847D09EF81630202B1B
:108BFC0040D09EF8143001207E21312273448EF82F
:108C0C0015009975DA75BDE8F083A2F13A0CBCF148
:108C1C00050FDAD9A2F1210CBCF15D0FD5D84E4568
:108C2C00D9D3A2F1610CBCF1190F28D8203A3D43DD
:108C3C00D2B2EDB201E000205F2209F1010CF14447
:108C4C00013389F816205FFA8CF2062A914698BFF8
:108C5C008EF814209C42A3D89EF81630202B09D0F5
:108C6C000028C6D018EA050F18BF02258EF815503B
:108C7C00BDE8F0830020BDE8F0830B468EE7A2F13F
:108C8C00410CBCF1190F98BF47EA0808D5E701332E
:108C9C00002083E7A846DFE72DE9F84F4FF0620983
:108CAC0000250F460446DFF8A0B04FF07E0A91F87D
:108CBC00148001F11606B8F1030FDBF8003028BF61
:108CCC004FF003082B449DB208F10403DBB205F00E
:108CDC000F02581E2D09092A02F1370198BF02F123
:108CEC003001FA18C3B291759845F0D107EB08031F
:108CFC000021204683F816A0FFF774FB01212046C3
:108D0C00FFF710FA03460B2230469BB193F800C0D4
:108D1C001946BCF1000F13D0DB7A1B07EED406F01A
:108D2C0089FC0028EAD109F1FF3919F0FF09C2D1F9
:108D3C00484603E06078B0FA80F04009BDE8F88F4F
:108D4C000120BDE8F88F00BF345300202DE9F04F0F
:108D5C002DED028B8BB0CDE902038B6807930B785A
:108D6C0013F0700F53D0029B1B78002B4FD113695B
:108D7C0090469A4A0E460C33A2FB0323C3F3870298
:108D8C0098F815309807049200F0A780571CFFB292
:108D9C000023304619461C460693FFF723FB08F1C7
:108DAC001603A346A146A24608EE103A059475692F
:108DBC0000213046FFF7B6F9C5F34F15034620B333
:108DCC000278E52A29D042B3BC4238BF00242E2AAF
:108DDC002BD090F80BC0BCF10F0F54D01CF0080C2A
:108DEC0023D1B9F1000F40F0D5800B2218EE101AE8
:108DFC0006F020FC0028DAD198F8153013F00103A6
:108E0C0000F0E48001230593D1E7737883B100204F
:108E1C000BB0BDEC028BBDE8F08F002C08BFAA464E
:108E2C00BC4201D20134E4B212B14FF00009BEE7EA
:108E3C00039B9A05EBD503F00303013B012BE6D80A
:108E4C00002C08BFAA46BC4203D348E0DCB2A742C0
:108E5C0045D000213046FFF765F9631C0028F5D199
:108E6C007378002BD3D1A74239D9079D05E02B7914
:108E7C0004EB0314E4B2A74231D93046FEF7C2FD2D
:108E8C000028F4D1C3E7B9F1000F19D102F01F0B80
:108E9C00049959458BD112F0400988D0437B8946FF
:108EAC000693BBF1010F82D1691C4B4642463046FA
:108EBC0089B2FFF74DFD002808BF4FF0000976E797
:108ECC000BF1FF3B5FFA8BFB5A45AED1437B069A05
:108EDC009342E6D04FF0000969E7012758E7059B5C
:108EEC002BB141463046FFF7D7FE00288FD0013F0B
:108EFC0042463046FBB20AEB03051F46ADB229468B
:108F0C00FFF784FD002882D069013046FFF76AFA2A
:108F1C0000283FF47CAF00213046FFF703F90446EC
:108F2C0000283FF474AF2022002106F0B3FBD8F8E0
:108F3C001620D8F81A302260636098F82030B8F800
:108F4C001E20A372228198F8153003F018032373A6
:108F5C00234B1B68002B3BD00DF123020DF1260196
:108F6C0009A89847BDF824302382BDF82630E38148
:108F7C009DF823306373079A92F8283043F001036D
:108F8C0082F82830039B2A46314602980097FFF757
:108F9C0081FA3DE7BBF1010F7FF439AF0A3001E0F4
:108FAC0013F8012F4FEACC11984241EA5C0152FAB6
:108FBC0081F25FFA82FCF3D1069B63457FF427AF05
:108FCC004F46039B19053FF522AFDBE71F46F8E739
:108FDC0045F62123238223836382CCE74FECC44ED6
:108FEC00FC2100202DE9F0411F460B7882B00C4685
:108FFC00202B154603D114F8013F202BFBD02C60FD
:10900C00237863B32F2B2AD04FF00008294E211D53
:10901C00204601AA03F080FC044670B1019BB3F515
:10902C00803F40D27F2B08F1010831D83C2BD9B2BC
:10903C0029D8212905D81F2909D8002002B0BDE85C
:10904C00F0812239C9B226FA01F1CA07F5D42E2BC8
:10905C0001D0202B1CD123780BB12F2BD7D12B690E
:10906C00013BFE2BE9D82378202B03D114F8013FC8
:10907C00202BFBD02F2BF9D028463C6002B0BDE84A
:10908C00F041FFF755BD5C29D7D005D97C29D4D048
:10909C00C5F81080AC60DEE73E390129F8D8002015
:1090AC0002B0BDE8F08108F10208AC60C5F8108090
:1090BC00D1E700BF01210005F0B500238BB001936F
:1090CC0083789A0724D5016A054619B1806800F0A7
:1090DC0019FEE8B101212846FEF7D0FCC0B1421EB2
:1090EC0000F10A0C0024E30112F8011F43EA5403B7
:1090FC00944551FA83F3DCB2F5D1E52600230670D2
:10910C00AF682B7007F12800AB7003F0E9FA10B9C7
:10911C0000200BB0F0BD07F50E7003F0E1FA00284B
:10912C00F6D0386803681B6A98470028F0D0EB78B3
:10913C00002BEED0294601A8FEF7C0FE0028E7D090
:10914C00EB78002BE4D0012721E001A8FEF7EAFF21
:10915C007B1CF9B20028DBD0C27A0F2AD8D1027856
:10916C005FFA83FC9FB202F01F038B42D0D1437B8A
:10917C00A342CDD10670A96891F8283043F00103C1
:10918C0081F8283053060DD4EB786345C0D3A988F9
:10919C0001A8C91B89B24901FFF724F90021002855
:1091AC00D3D1B5E7AC6804F1280003F099FA002894
:1091BC00AED004F50E7003F093FA0028A8D0206806
:1091CC0003681B6A9847A4E72DE9F843DDF8209063
:1091DC00A2B105460C469846571801E0BC420DD08A
:1091EC002B68204649465E6AC047214602462846FF
:1091FC000134B0470028F1D1BDE8F8830120BDE867
:10920C00F88300BF486810B50C4630B10B894A8909
:10921C0001339BB29A420B8101D9206810BD0368BF
:10922C00012203495B68984700232068238110BD05
:10923C00F40500202DE9F04F054687B0884692468C
:10924C0000214FF40072406A06F024FA286A28B113
:10925C0003680C223A495B689847286A6B6A4FF09E
:10926C000009EE690AF1FF32DFF8E0C0E968ADF8F9
:10927C0014904C1CCDE903304FEA5A13ADF816305C
:10928C003368DF6A674526D16AB301EB0A07DFF85A
:10929C00C0A00AE02146039A30460134D847002882
:1092AC003FD0A7421ED033680498D3F824B00028CE
:1092BC00F0D0BDF81430BDF8162001339BB29A42A1
:1092CC00ADF81430E6D80368514601225B68984724
:1092DC00ADF81490DEE703AB214630460093194BF2
:1092EC00B847F0B1286A20B10368022216495B68BE
:1092FC009847B8F1100F4FF0F8016A6A4FF001036C
:10930C000CBF04200C201170FF216A6AD154013368
:10931C009842FAD1E8696A6A0368E9685B6A984717
:10932C0018B9002007B0BDE8F08FD5E90231E86923
:10933C0019446A6A03685B6A984707B0BDE8F08F06
:10934C00E4050020757000000C0600203970000048
:10935C00F405002038B5436A4FF40075044600212B
:10936C002A46184606F096F94FF02031EB22A0F869
:10937C000B50C0F803100346C0F807109021027080
:10938C00762099700222587094F82B1059734AF673
:10939C005521208D1A74F822D8815A752269DA6108
:1093AC00A269A3F8FE111A6238BD00BF70B504465D
:1093BC004FF400720021406A06F06CF9656A22696C
:1093CC00216805F2BF1003F005FAA369226905F2C2
:1093DC00C31021681A44013A03F0FCF994F82A20CE
:1093EC004AF6552385F8C2212269E069C5F8C621E1
:1093FC00626AA169A5F8FE310368C5F8CA1100219B
:10940C005B6ABDE87040184770B546694FF48073CD
:10941C0090F82BE00446A6F58072456A4360B2FBD7
:10942C00FEF202F2011C4FEA1C214FEA410C816052
:10943C000CF1A10098420ED98033F21AB2FBFEF265
:10944C0002F20111090A4FEA410C0CF1A10083420E
:10945C00F2D3C4E901311B1AA2F6F57103F18000B5
:10946C00B1F5704F20614FD20CF1210C81332046A5
:10947C0002FB0EC2E360B2F5803FA26134BF04234D
:10948C00062384F82A3001232385FFF78FFF08B9C0
:10949C00002070BD2046FFF75DFF2922A1684FF028
:1094AC00203385F826204622C5F82F30802085F8F9
:1094BC0036205422C5F82B30C5F83230312385F8CC
:1094CC0038203622E982412185F8393085F8371069
:1094DC004FF4007185F8240085F83A200F4BE069B1
:1094EC00C5F827300368A5F81110626A21695B6A18
:1094FC0098470028CCD062682046E3681021D21A25
:10950C00BDE87040FFF796BE206A0028C0D0036803
:10951C00132203495B689847002070BD87D6120060
:10952C00B8050020F8B546694FF4005390F82BC0ED
:10953C004FF48042A6F58041036142F2090E0446C5
:10954C00456A4260B1FBFCF101F18103DB098360E8
:10955C000EEB4300904240F2B68002F50052B11A75
:10956C00B1FBFCF101F18103DB090EEB43005F0061
:10957C008242F2D3C4E901234FF6F473994240F2CC
:10958C00978001FB0C2CA2F500522046D21B92B204
:10959C0002F5005322854D4AE360ACF50053944527
:1095AC0094BF4FF00B0C4FF00C0CA36184F82AC045
:1095BC00FFF7FCFE08B90020F8BD2046FFF7CAFEF5
:1095CC00A16829224FF020338020696285F842205F
:1095DC0054214622C5F84B3085F840004120C5F88F
:1095EC004730C5F84E30022385F85220332285F8D7
:1095FC005410322185F8552085F8530085F8561003
:10960C00EB62E069324B334A2B630368C5F84320A5
:10961C005B6A626A216998470028CCD0E0692169AD
:10962C0003680631626A5B6A98470028C3D04FF41E
:10963C0000720021606A06F02DF8E069264A036882
:10964C00C5F8FC2121695B6A0231626A98470028DF
:10965C00B1D0E069216903680831626A5B6A984796
:10966C000028A8D04FF0FF33E0691C4AC5E97A33D3
:10967C001B4B2A60C5F8E43103682169626A5B6A96
:10968C0001319847002896D0E06921690368626A25
:10969C0007315B6A984700288DD0A268204694F861
:1096AC002B30202103EB4202BDE8F840FFF7C2BD8E
:1096BC00206A00283FF47FAF0368132209495B68D6
:1096CC0098470020F8BD5F0056E700BF0004FB0080
:1096DC000100060087D61200000055AA52526141C3
:1096EC0072724161B805002038B504460D68C1613D
:1096FC0008466262EA692362904700F2FF73606178
:10970C00DB0A062B236024D9102B13D80223B0F5C7
:10971C00800F84F82B3020462ED2FFF775FE0546BD
:10972C00206A05B320B103680D2219495B6898477C
:10973C00284638BD202B23D9402B23D9802B23D965
:10974C00B3F5806F22D9B3F5004F8CBF8023402333
:10975C00DDE7206A20B1036814220E495B68984744
:10976C000025284638BD0028FAD003680F220A4984
:10977C005B689847284638BDFFF7D4FE0546CFE70F
:10978C000423C4E70823C2E71023C0E72023BEE765
:10979C009805002080050020A8050020042A04D884
:1097AC0001EB4202B2F8010070470A2A03D801EB20
:1097BC004202908870470C2A03D801EB4201C888FA
:1097CC0070470020704700BFF8B504780E467CB196
:1097DC0014F06004174607D0012A09D92F22002360
:1097EC0001200A704B70F8BD2146FEF747F918B9F5
:1097FC00002318463370F8BD0346A446082111E037
:10980C00027B114203D00EF1200E5FFA8EFE651C16
:10981C00BD42EDD20CF1010C06F804E0ECB2BCF147
:10982C000C0F10D0BCF1080F11D013F801EBAEF1F6
:10983C004102192AE4D9BEF1200FE8D10CF1010C38
:10984C00BCF10C0FEED1002320463355F8BD1A782D
:10985C00202AF8D010214FF02E0ED8E72DE9F04F2A
:10986C0000248BB0037889460194002B55D0C37823
:10987C000646002B58D0014601A89046FEF71EFB69
:10988C0000284AD0F078002843D008F1FF38CB46A6
:10989C004FF0010AC844B18801A8A1EB0A0189B2B2
:1098AC004901FEF79FFDC0B3002101A8FEF73AFC69
:1098BC0098B3C37A0F2B30D103785FFA8AF103F097
:1098CC001F038B4229D1471C0025042DEBB23FD836
:1098DC003B8874BB03F5205189B2B1F5006F3ED3C0
:1098EC00A3B118465946424602F0C4FF8346A0B1C4
:1098FC000024013502370D2DE7D10AF1010AF17868
:10990C005FFA8AF31FFA8AFA9942C4D2ABEB0900C8
:10991C00D946002389F8003003E00023184689F863
:10992C0000300BB0BDE8F08FFFF74EFF0BB0BDE879
:10993C00F08F03F5105189B2B1F5806FEDD20A4A60
:10994C00C3F3090302EA8420184300F58030C9E709
:10995C000A2B94BFB7F80330B7F80530B9E7B1F567
:10996C00806FDAD21C46C4E700FC0F00FFF776BF0D
:10997C002DE9F843DDE90887C3B181460C4615464D
:10998C005E1802E0C047B44210D0D9F8003021462E
:10999C002A4648461B69984703463A4620462946BC
:1099AC000134002BEED11846BDE8F883012318468C
:1099BC00BDE8F88310B41468B4F5807FA44628BFC2
:1099CC004FF4807C01EB4C00814207D231F8023B12
:1099DC0013B95368013353608842F7D8A4EB0C04D5
:1099EC0014605DF8044B704710B41468802CA446C6
:1099FC0028BF4FF0800C01EB8C00814207D251F84C
:109A0C00043B13B95368013353608842F7D8A4EB75
:109A1C000C0414605DF8044B704700BF2DE9F8434B
:109A2C00C37904460D461746202B59D0102B30D045
:109A3C000C2B51D1027AC1F34E01836900F50E79DA
:109A4C0011FA85F1A2F1020248468EB2B2FA82F204
:109A5C00C1F34621520901EB03085200414602F0C2
:109A6C006BFE002838D0C6F30806731C865DB3F570
:109A7C00007F23D018440378EA07E26946EA0323FF
:109A8C004CBF1B09C3F30B039A4240D20020BDE824
:109A9C00F883027AC1F30721836900F50E70A2F1F5
:109AAC0002021944B2FA82F25209520002F044FE48
:109ABC0090B16D0005F4FF75435B25E0227A08F147
:109ACC0001014846A2F10202B2FA82F25209520096
:109ADC0002F032FE0028CED14FF0FF30BDE8F88303
:109AEC00027A816900F50E70A2F1020201EBD51128
:109AFC00B2FA82F25209520002F01EFE0028EBD09C
:109B0C00AD0005F4FE754359E2699A42BED30120BB
:109B1C003B60BDE8F88300BF2DE9F843C3790546E7
:109B2C000C461646202B48D0102B2DD00C2B41D197
:109B3C00C1F34E01836900F50E7911FA84F11FFA15
:109B4C0081F8C1F34621CF18037A4846022B3946D7
:109B5C0014BF0122032202F0EFFD58B314F00104EC
:109B6C00C8F308033FD0C25C02F00F0242EA0612AF
:109B7C00C2540133B3F5007F3AD0C6F30712034445
:109B8C0001201A70BDE8F883027AC1F307218369BA
:109B9C0000F50E70022A194414BF0122032202F0B0
:109BAC00CBFD034630B16400012004F4FF741E5356
:109BBC00BDE8F8830020BDE8F883037A816900F5DD
:109BCC000E70022B01EBD41114BF0122032202F000
:109BDC00B3FD03460028EDD0A400012004F4FE746C
:109BEC001E51BDE8F883C6540133B3F5007F15D17F
:109BFC002B7A791C4846022B14BF0122032202F057
:109C0C009BFD03460028D5D0C6F30712002CB7D114
:109C1C00197821F00F0141EA1212B1E7C6F30712CD
:109C2C000344F5E72DE9F041C46882B005460E46C1
:109C3C008C42904640D301270134EB6901AA284697
:109C4C00A34205D29FBBEC6801273C44A3422ED310
:109C5C00A64218BF012C214629D9FFF7DFFE0028A8
:109C6C0025DBE9D0019B002BE6D107B1EC60EB6959
:109C7C00A3421CD36FF0704221462846FFF74CFFDD
:109C8C000746A0B13EB96B6A002B01DB013B6B624E
:109C9C00C8F800400CE0012E09D0EB699E4206D8B2
:109CAC00314622462846FFF737FF0028EBD1002724
:109CBC00384602B0BDE8F0810C460027BCE700BF77
:109CCC0001290CD910B4C4698C4203D35DF8044B40
:109CDC00FFF7A4BE4FF0FF305DF8044B70474FF018
:109CEC00FF30704701290BD910B4C4698C4203D3DF
:109CFC005DF8044BFFF710BF00205DF8044B704774
:109D0C000020704770B5054682B00C461DE0EB692B
:109D1C009C421FD8FFF782FE064621460022002EE9
:109D2C00284617DBEB699C4214D8FFF7F5FE621E40
:109D3C0080B16B6A002B03F10103A8BF6B62EB6867
:109D4C00A342019C88BFEA602EB1012C214601AAD6
:109D5C002846DCD8002002B070BD00BF2DE9F047CA
:109D6C000646406A84B000281BDAF2790C2A1BD113
:109D7C00F7697B1C022B40F2CD8002240025214682
:109D8C0002AA3046FFF74AFE002804F1010306DB65
:109D9C0057D1A7421C465CD0F2699342EFD94FF0E1
:109DAC00FF3004B0BDE8F087F169002096F8383236
:109DBC0001313469DB07CDE9021000F18580002107
:109DCC004FF0FF33202A06F5127786F83812C6F8C2
:109DDC00443242D0D6F800804F4BD8F80020D6F849
:109DEC0018A095699D4278D1002C00F082800AEB76
:109DFC000409136951463A46404698470028CED08C
:109E0C000299B1F5807F8E4628BF4FF4807E07EB18
:109E1C004E0CBC450BD9039D3B46002233F8024B3C
:109E2C000CB9013502469C45F8D802B103950AF1EC
:109E3C00010AA1EB0E01D14502915AD0D8F80020AD
:109E4C00D7E7029A002AA4D1A74205F101051C46C6
:109E5C00A2D1284604B0BDE8F087D6F800A02E4B5E
:109E6C00DAF80020D6F8189095699D4246D1002C5E
:109E7C003FD009EB0408136949463A4650469847C7
:109E8C0000288CD0DDF808C0BCF1800FE64628BF56
:109E9C004FF0800E07EB8E02BA420BD9039D3B4666
:109EAC00002153F8044B0CB9013501469A42F8D8FD
:109EBC0001B1039509F10109ACEB0E03C8450293FE
:109ECC0017D0DAF80020D6E706F50E7002F008FC81
:109EDC0000283FF464AFF27971E7234602AC3A46AE
:109EEC005146019440460D4C0094A84700283FF47D
:109EFC0056AF0398706204B0BDE8F087234602ACFD
:109F0C003A46494601945046054C0094A84700280F
:109F1C00EFD144E7002044E7E1770000257800000A
:109F2C005978000070B500230446154601204FF007
:109F3C00FF3204F128062160E371E060E162C4F8AD
:109F4C003C1284F8283084F838326263C4F8442216
:109F5C00CDB1042D01D9002070BD1A4619463046EA
:109F6C0002F0EAFB6FF0704300F5DF722B441D0129
:109F7C0002EB03130028EED019790029EBD0525DC7
:109F8C005206E8D19D6800222946304602F0D4FBE7
:109F9C000028E0D0B0F80B30B3F5007FDBD1037CA8
:109FAC005A1E2372012AD6D8417B4B1E01292171DE
:109FBC0063714FF00003A37144D0012252000133AE
:109FCC00D2B2DBB2914204D0082BF7D10020A3719E
:109FDC0070BD1E46A371C18A216109B9416A216114
:109FEC00C289B0F811302A4463815B01A26190F8F8
:109FFC0010C003F2FF1301FB0C2202EB532322626D
:10A00C00B0F81320636102B9026AED1AAB18F34081
:10A01C005A1CE2614FF0FF32626240F6F4729342D6
:10A02C000CD94FF6F47293420AD9C26A20232262E9
:10A03C000120E3712163C4F8401270BD0C23F7E7D3
:10A04C001023F5E71E46C6E7F8B500268F6B0D46C4
:10A05C000446C0E90E669FB10146242000F0DCF8EE
:10A06C00068086708446AD6BA0630FCDACE80F0004
:10A07C000FCDACE80F002B68CCF800302046F8BDB3
:10A08C00CB6B002BFAD00146382000F0C5F880F8D5
:10A09C00317047860246EB6BE06303F130071E68B4
:10A0AC00103353F80C5C103253F8080C53F8041CA2
:10A0BC00BB4242F8106C42F80C5C42F8080C42F8B7
:10A0CC00041CECD11B6820461360F8BD10B5044687
:10A0DC00806B10B1FDF7E2FC30B9E06B10B1FBF70F
:10A0EC00CFFB20B9002010BD0023A36310BD0023BB
:10A0FC00E36310BD002952D02DE9F0410446806B7A
:10A10C000D4617461E4610B1FDF7C8FCA0BBE06B10
:10A11C0010B1FBF7B5FBB8BBD5F88084B8F1000FD4
:10A12C0011D02146242000F077F8334600263A4619
:10A13C0006808670A063D5F88014FDF7B7FE58BB77
:10A14C00A063BDE8F081D5F8843493B12146382062
:10A15C0000F062F8334680F831803A46A0F832803D
:10A16C00E063D5F88414FBF7BFFFA8B9E063BDE842
:10A17C00F0810020BDE8F0810023D5F88084A36332
:10A18C00B8F1000FCDD1DEE70023D5F88084E3636E
:10A19C00B8F1000FC5D1D6E70120BDE8F081002051
:10A1AC00704700BFF8B50446806B0D46174610B1DA
:10A1BC00FDF774FC38BBE06B10B1FBF761FB38BBEF
:10A1CC00AE6B76B12146242000F026F800213A46E9
:10A1DC0001808170A063A96BFEF7CEF988B9A063EA
:10A1EC00F8BDE86B0028FBD02146382000F014F8AD
:10A1FC003A4680F831604686E063E96BFBF77CFFFA
:10A20C0020B10120F8BD0023A363D9E7E063F8BDBA
:10A21C000023E363D4E700BF084670472DE9F04103
:10A22C00002604469846C0F88814C0F8806401469D
:10A23C004FF490601746FFF7EFFF424680F84464F6
:10A24C00054680F87964A0F87A64C4F88404D4F8DC
:10A25C008814FDF7E7FAA0BB0026214640F26C40BB
:10A26C00C4F88464FFF7D8FF0223C6714246A0F8F5
:10A27C004864054680F84A640372C4F88004D4F834
:10A28C008814FFF74FFE38B900231A4A184613609A
:10A29C00C4F88034BDE8F08105F589663046FDF7D9
:10A2AC00FDFB29463046FDF737FE0028ECD0124B5B
:10A2BC001A68AAB91D600F4BAFB101201C60BDE834
:10A2CC00F08105F589663046FBF7DAFA2946304607
:10A2DC00FBF704FB0028BFD0084B1A68002AE9D012
:10A2EC00044B002FE9D11A68002AE6D00120BDE802
:10A2FC00F08100BF382200203C22002000220020E8
:10A30C0070B500254FF47A76044645600573866077
:10A31C00C0E91255034D40F8105BFFF7EBFE2046E9
:10A32C0070BD00BFE80700204FF0FF30704700BF42
:10A33C00407C7047007D7047407D7047012070471E
:10A34C00007F70472DE9F0471E46C37C05460C463E
:10A35C00022B9146089F28D02B68214628461B6E5D
:10A36C00984798B1AC61B9F1000F12D004EB090811
:10A37C0001E0A0450DD039462046B0472B68014678
:10A38C002846DB6D013498470028F2D10020BDE847
:10A39C00F087AB69287F4B44AB610028F7D12B6861
:10A3AC0028465B6EBDE8F047184783698B42D3D1D2
:10A3BC00D9E700BF704700BF043002F03DB900BFC1
:10A3CC0010B50446202103F01BFB204610BD00BF36
:10A3DC002DE9F0411F46C37C05460E46022B144660
:10A3EC0024D02B68314628461B6E984778B1AE6155
:10A3FC0087B1002601E0B7420CD02A6821462846D6
:10A40C000136D26D04F5007490470028F3D100207A
:10A41C00BDE8F081AB69287F3B44AB610028F7D1E4
:10A42C002B6828465B6EBDE8F041184783698B4268
:10A43C00D7D1DDE72DE9F041204E074600F10408A5
:10A44C00356805F51675ADB203E03368EB1A1B04DD
:10A45C0010D4404602F0F4F8FF280446F5D1FD2153
:10A46C00404602F00BF9BB7CCBB900230120FB74F6
:10A47C00BDE8F0811E23B87C7B740028F8D0387CB2
:10A48C00012102F009F8FF21404602F0F7F840469E
:10A49C0002F0AAF800231846BB74BDE8F081012134
:10A4AC00387C01F0F9FF2146404602F0E7F84046BF
:10A4BC0002F09AF80023BB74D7E700BF3453002096
:10A4CC002DE9F041C37C012B35D0867C04464EB17E
:10A4DC00043002F0B5F8B0F1FF0518BF012528468D
:10A4EC00BDE8F081071D4FF00108384602F05EF818
:10A4FC003146207C01F0D0FFFF21384602F0BEF837
:10A50C00384684F8128002F09BF8A37CB0F1FF056A
:10A51C0018BF0125002BE2D04146207C01F0BCFF86
:10A52C00FF21384602F0AAF8384602F05DF82846BA
:10A53C00A674BDE8F08100252846BDE8F08100BF77
:10A54C002DE9F843204F0446884691463D68061D88
:10A55C0005F59675ADB203E03B68EB1A1B040DD400
:10A56C00304602F06DF8FF282075F5D0FE281AD081
:10A57C001823A07C637430B9BDE8F8831D23A07C3C
:10A58C0063740028F8D0207C012101F085FFFF21A5
:10A59C00304602F073F8304602F026F800231846D5
:10A5AC00A374BDE8F8834A464146304602F054F89D
:10A5BC00207538B9304602F043F8304602F040F8C6
:10A5CC000120D9E72523D4E734530020F0B5002728
:10A5DC0083B00C2104463A46C77400F05BF8B0B95E
:10A5EC00A67C1EB90126304603B0F0BD05460121FC
:10A5FC00207C01F051FF201DFF21019002F03EF85C
:10A60C00019801F0F1FF3046A57403B0F0BD0923A9
:10A61C00A67C6374002EE6D0251D207C01213E46CD
:10A62C0001F03AFFFF21284602F028F8284601F0F5
:10A63C00DBFF3046A77403B0F0BD00BFC27C022A1A
:10A64C0003D0012A04D00120704703685B6E1847C1
:10A65C00FFF7BCBF38B503680D460D4904461A6AAE
:10A66C008A420CD1C27C022A04D0012A0BD00120D0
:10A67C00257738BD5B6E98470028F8D138BD9047D8
:10A68C000028FBD0F3E7FFF7A1FF0028F6D0EEE798
:10A69C00AD8400002DE9F041036882B00F463549C6
:10A6AC00019206461A6A8A425ED1C27C022A41D0C5
:10A6BC00012A5BD0B47C002C47D0351D0C2F11D057
:10A6CC00DFF8B480D8F8004004F59674A4B204E026
:10A6DC00D8F80030E31A1A0434D4284601F0B0FF3D
:10A6EC00FF28F5D10DF1040802AC47F040012846D3
:10A6FC0001F0C4FF14F8011D284601F0BFFFA0456E
:10A70C00F8D1002F28464FF00A040CBF9521872161
:10A71C0001F0B4FF284601F093FF2846013C01F0FC
:10A72C008FFF0306A4B2307501D5002CF5D102B011
:10A73C00BDE8F0815B6E98470028BBD1FF2002B0CA
:10A74C00BDE8F081002FCDD0F8E7351D284601F08B
:10A75C002DFF2146307C01F09FFEFF21284601F0A1
:10A76C008DFF0123B374A9E79047E5E7FFF72EFFB0
:10A77C00E2E700BFAD840000345300202DE9F04720
:10A78C0088B005464FF00008174601AC2E1D85F821
:10A79C00128085F8118085F8158084E80E009DF8EC
:10A7AC000400287401F074FE0121287C01F074FE71
:10A7BC006C490723C5E9021394E8070005AB83E84D
:10A7CC00070030460ECB01F0FBFEAC7C85F8138005
:10A7DC00002C67D00A240121287C01F05DFEFF21AA
:10A7EC00304601F04BFF611E11F0FF04F7D12146FA
:10A7FC000A24287C01F050FE002228461146FFF75F
:10A80C0049FF012804F1FF3304460AD013F0FF047A
:10A81C00F2D10123A87C6B74002851D108B0BDE89B
:10A82C00F0874FF4D57208212846FFF733FF420713
:10A83C0057D56C752B68DFF830A19B6D534561D1F2
:10A84C00687DA0F10204DFF82491B4FA84F4D9F8FD
:10A85C000030640903F5FA68A4071FFA88F805E0CC
:10A86C00D9F80030A8EB03031B0449D4372100228C
:10A87C002846FFF70FFF224629212846FFF70AFF3B
:10A88C000028EDD12B689B6D534565D1687D02285E
:10A89C0049D0AB7CCBBB07230120C5E9027308B0C0
:10A8AC00BDE8F087304601F081FE2146287C01F09E
:10A8BC00F3FDFF21304601F0E1FE0123AB7489E783
:10A8CC00287C012101F0E8FDFF21304601F0D6FE85
:10A8DC00304601F089FE00231846AB7408B0BDE881
:10A8EC00F087022304246B75304601F0A9FE631E29
:10A8FC00287513F0FF04F7D1AA289BD0062389E70B
:10A90C00172387E7284698479BE70121287C01F00D
:10A91C00C3FDFF21304601F0B1FE304601F064FE6C
:10A92C000023AB74B7E700223A212846FFF7B2FEAA
:10A93C00A8B9304601F084FE00F0C000C02801D157
:10A94C0003236B75304601F07BFE304601F078FE38
:10A95C00304601F075FE9CE72846984797E712238E
:10A96C0058E700BF801A0600A9810000345300206C
:10A97C00F8B500220D463A210646FFF78BFEE0B9EA
:10A98C00371D2C1D384601F05BFE04F8010DA54265
:10A99C00F8D1B47C14B901242046F8BD307C0121D7
:10A9AC0001F07AFDFF21384601F068FE384601F0CF
:10A9BC001BFE00232046B374F8BD1223B47C7374C1
:10A9CC00002CE9D0341D307C012101F065FDFF2104
:10A9DC00204601F053FE204601F006FE00231C46E3
:10A9EC00B3742046F8BD00BF70B5164682B0002285
:10A9FC000446FFF74FFEB0B11B236374A07C08B96B
:10AA0C0002B070BD251D207C012101F045FDFF2108
:10AA1C00284601F033FE284601F0E6FD00231846D7
:10AA2C00A37402B070BD0546102231462046FFF7D4
:10AA3C0087FD0028E2D0A67C002EE1D0207C0121ED
:10AA4C0001F02AFD201DFF21019001F017FE019855
:10AA5C0001F0CAFD3046A57402B070BD0368254AEA
:10AA6C00DB6C934200B585B00FD16A460921FFF724
:10AA7C00BBFF38B19DF8003013F0C00308D0402B59
:10AA8C0027D0002005B05DF804FB69469847F0E735
:10AA9C009DF809309DF80A2003F003039DF8061079
:10AAAC009DF807005B0001F0030180009DF808C0D1
:10AABC0043EAD2139DF8052040EA812002F00F02F0
:10AACC0040EA9C1013440130073B984005B05DF8F8
:10AADC0004FB9DF809009DF8073001309DF8082013
:10AAEC0003F03F0300EB034000EB0220800205B0B3
:10AAFC005DF804FB898C000003680A4630B59B6D39
:10AB0C0083B0164D0446AB4224D1407D03284FF050
:10AB1C001201204618BF5202FFF7BCFD20B90123D9
:10AB2C001846E37403B030BD0C23A07C637400287A
:10AB3C00F8D0251D207C012101F0AEFCFF21284618
:10AB4C0001F09CFD284601F04FFD00231846A3742C
:10AB5C0003B030BD01919847019AD7E7A981000055
:10AB6C00F8B51446C27C06460D46012A1F4602D192
:10AB7C0083698B4205D029463046FFF7BDFF80B173
:10AB8C00B56187B1002501E0AF420CD021464FF4EE
:10AB9C0000723046013504F50074FFF7D1FC002833
:10ABAC00F2D10020F8BDB369307F3B44B36100287B
:10ABBC00F8D13046BDE8F840FFF708BD2DE9F84F55
:10ABCC009B46C37C06460C46012B1546DDF82890A7
:10ABDC00DDF82C8002D183698B4205D021463046AA
:10ABEC00FFF78AFFB0B1B461BBF1000F15D004EBD5
:10ABFC000B0A02E0C847A2450FD04FF40072294659
:10AC0C003046FFF79DFC0746424620462946013454
:10AC1C00002FEFD10020BDE8F88FB369307F5B4483
:10AC2C00B3610028F7D13046BDE8F84FFFF7CEBC32
:10AC3C0003682DE9F0415F69164B9F421FD1C37C1D
:10AC4C0004460D461646012B02D18369994205D064
:10AC5C0029462046FFF750FF70B1A5614FF40072F2
:10AC6C0031462046FFF76CFC30B1A369207F0133DD
:10AC7C00A36148B1BDE8F0810020BDE8F081BC467D
:10AC8C000123BDE8F04160472046BDE8F041FFF7E5
:10AC9C009DBC00BFD189000003680A4630B59B6D8E
:10ACAC0083B0164D0446AB4224D1407D03284FF0AF
:10ACBC001901204618BF5202FFF7ECFC20B9022301
:10ACCC000120E37403B030BD0E23A07C6374002814
:10ACDC00F8D0251D207C012101F0DEFBFF21284648
:10ACEC0001F0CCFC284601F07FFC00231846A3742D
:10ACFC0003B030BD01919847019AD7E7A9810000B4
:10AD0C0003682DE9F043DB6C1746414A85B00446D5
:10AD1C000E46934245D16A460921FFF765FE05466A
:10AD2C00B5B19DF80A305A0618D5637D032B01D0B6
:10AD3C0076027F02324620212046FFF7ABFC28B971
:10AD4C003A4621212046FFF7A5FC70B326236374F5
:10AD5C00A57C9DB9284605B0BDE8F08303F03F0300
:10AD6C009DF80B205B0043EAD2137A1C324313424A
:10AD7C00DBD02723A57C6374002DEBD0251D207C14
:10AD8C00012101F089FBFF21284601F077FC2846C0
:10AD9C0001F02AFC00231D46A374284605B0BDE82B
:10ADAC00F083694698470546BAE7024626212046B5
:10ADBC00FFF770FC0028C9D1DFF8588042F21077F9
:10ADCC0004F10409D8F800301F44BFB204E0D8F8ED
:10ADDC000030FB1A1B0417D4484601F031FCFF2845
:10ADEC000646F4D1A37C002BB4D00121207C1D4657
:10ADFC0001F052FB3146484601F040FC484601F058
:10AE0C00F3FB0023A374A5E728236374A0E700BF1A
:10AE1C00898C00003453002070B5002282B00E469D
:10AE2C0009210446FFF736FCB0B11B236374A07CE8
:10AE3C0008B902B070BD251D207C012101F02CFB4E
:10AE4C00FF21284601F01AFC284601F0CDFB002317
:10AE5C001846A37402B070BD054610223146204638
:10AE6C00FFF76EFB0028E2D0A67C002EE1D0207C00
:10AE7C00012101F011FB201DFF21019001F0FEFBCF
:10AE8C00019801F0B1FB3046A57402B070BD00BF53
:10AE9C0070B5002282B00E460A210446FFF7FAFB79
:10AEAC00B0B11B236374A07C08B902B070BD251D22
:10AEBC00207C012101F0F0FAFF21284601F0DEFB95
:10AECC00284601F091FB00231846A37402B070BD14
:10AEDC000546102231462046FFF732FB0028E2D00F
:10AEEC00A67C002EE1D0207C012101F0D5FA201D9A
:10AEFC00FF21019001F0C2FB019801F075FB304677
:10AF0C00A57402B070BD00BF70B5051D1646044691
:10AF1C00284601F0B3FB4FF400723146284601F08D
:10AF2C00B7FBFF21284601F0A9FBFF21284601F0C1
:10AF3C00A5FB284601F084FB00F01F032075052BB0
:10AF4C0004D02023A07C637410B970BD012070BDA7
:10AF5C00207C012101F0A0FAFF21284601F08EFB94
:10AF6C00284601F041FB00231846A37470BD00BFB6
:10AF7C002DE9F041174D06460F4600F104082C68E8
:10AF8C0004F51674A4B203E02B68E31A1B040CD46A
:10AF9C00404601F055FBFF28F6D13A46FC213046DD
:10AFAC00FFF7B2FF18B1BDE8F08124237374B07CB5
:10AFBC000028F8D0307C012101F06EFAFF214046C8
:10AFCC0001F05CFB404601F00FFB00231846B37404
:10AFDC00BDE8F08134530020036870B59B6D1646B4
:10AFEC00224A82B004460D4693423CD1407D032850
:10AFFC004FF01801204618BF6D022A46FFF74AFB96
:10B00C000546B0B10D236374A07C08B902B070BDC5
:10B01C00251D207C012101F03FFAFF21284601F07B
:10B02C002DFB284601F0E0FA00231846A37402B069
:10B03C0070BD3246FE212046FFF766FF0028E3D0A4
:10B04C00A67C002EE2D0207C012101F025FA201DE7
:10B05C00FF21019001F012FB019801F0C5FA304676
:10B06C00A57402B070BD9847C1E700BFA98100006C
:10B07C0010B4047F34B104680123A46AA4465DF8BB
:10B08C00044B60475DF8044BFFF7A6BF10B584B0C6
:10B09C0004460DF1040C8CE80E009CE80E00FFF742
:10B0AC006DFB20B19DF8053003F00103237704B04C
:10B0BC0010BD00BF00207047002070470020704773
:10B0CC00704700BF084B0021084A094810B4996327
:10B0DC001C6B146012685DF8044B1A639A6C22F0B6
:10B0EC0081029A640170704700002C40F821002006
:10B0FC00BE530020034B586A80F08070C0F3006090
:10B10C00704700BF00002C40014B1878704700BFFF
:10B11C00BE5300202B4A2C4B526AD3F800312B49DA
:10B12C00C2F3C22203F03F03013270B5284C4FF436
:10B13C007A75A4FB034305FB00F09B08B1FBF3FEFF
:10B14C00BEFBF2FEB0EB1E1F35D201231E465B0088
:10B15C001A01BEFBF2F2824201D9FF2BF6D9BEFBDB
:10B16C00F3F2360290422AD24FEA430C012200E05D
:10B17C00A446154603EB0C040132BEFBFCF18142E4
:10B18C0017D9102AF4D1F0254FF47A731149124AC9
:10B19C0003FB0CFCBEFBFCF30B60104BD16A0B40A9
:10B1AC002B43334343F46023D362536A1B07FCD510
:10B1BC0070BD2D01E8E7724600260123D2E79C46BC
:10B1CC000025E1E700C00F4000800D4000EC695EF7
:10B1DC00ABAAAAAABC21002000002C400F00F0FF53
:10B1EC00014B1878704700BFFC160020014B186803
:10B1FC00704700BFF821002010B4074C8C460FCCD0
:10B20C00CCF800000120CCF80410CCF80820CCF8C5
:10B21C000C305DF8044B7047CC21002010B4074C67
:10B22C008C460FCCCCF800000120CCF80410CCF8E4
:10B23C000820CCF80C305DF8044B7047DC21002062
:10B24C00024B01201B680B60704700BFEC210020F3
:10B25C00704700BF10B504460C2102F0D1FB20460C
:10B26C0010BD00BF044B1B7823B1044B187802307F
:10B27C00C0B2704701207047BB530020BC53002064
:10B28C00184B1A7812F0C0020FD0402A01D00020BF
:10B29C007047587ADA79197A013002F03F0300EBE3
:10B2AC00034000EB0120800270475A7A9979D879D3
:10B2BC0002F0030293F808C001F003018000520071
:10B2CC0040EA812000B593F80AE040EA9C105B79D3
:10B2DC0042EADE12013003F00F031344073B98409F
:10B2EC005DF804FBDC210020404A0520404938B5BC
:10B2FC00D2F800413F4B44F080043F4DC2F800416E
:10B30C00D2F8004124F03F04C2F80041D2F80041C9
:10B31C0044F01804C2F80041D2F8004124F0800433
:10B32C00C2F80041D3F8802042F00C02C3F8802010
:10B33C005A6A22F460525A62DA6942F48032DA6153
:10B34C005A6A42F400625A62C1F8CC01C1F8D001C9
:10B35C00C1F8BC01C1F8C001C1F8C401C1F8C801F1
:10B36C00AA6C264B42F00042AA64EA6A1343EB62D1
:10B37C00EC6A14F08074FBD14FF4C870FFF7CAFE6E
:10B38C001B4B47F2B80241F2B801C3F8CC411C4840
:10B39C00C3F8D041C3F8BC41C3F8C041C3F8C441A1
:10B3AC00C3F8C841C3F8BC23C3F8C023C3F8AC230B
:10B3BC00C3F8B013C3F8B4231249C3F8B823124B23
:10B3CC006863C1F8F8314FF0E0234FF480420F4925
:10B3DC00602081F86E00C3F80C21EB6A064A43F03A
:10B3EC000063EB62D36A1B01FCD438BD00800D40B6
:10B3FC0000801F4000C00F4000002C400080000166
:10B40C000B007F1100180020358F000000E400E0D5
:10B41C002DE9F04102F0B2F9174E184D0746DFF84E
:10B42C00748004E002F0AAF9C01B40451BD8346BB1
:10B43C002C40F7D0124A0021124B1170326B1A605B
:10B44C001968114A31631B68134209D00F491F2434
:10B45C000F4B40F27A2200200C701A60BDE8F0818C
:10B46C000120BDE8F081064A064B1470326B1A605D
:10B47C001B683363EAE700BF00002C4002007F1119
:10B48C00BD530020F821002000007F11FC16002085
:10B49C00C021002040420F002DE9F843264C0F46F6
:10B4AC002378002B38D1254B5A6AD2052BD5234D46
:10B4BC00DFF89480AB6A43F48033AB6202F05EF940
:10B4CC00064604E002F05AF9801B40452AD86B6A04
:10B4DC0013F48069F6D007F13C0C184807F50F7788
:10B4EC00436A5B05FCD5ACF1400353F8042F9C4533
:10B4FC000262FAD10CF1400CBC45F1D10123184683
:10B50C002370BDE8F8839A6A22F480329A629A6AB0
:10B51C0042F400329A62CAE7FFF77AFF0028C2D1E0
:10B52C00BDE8F88306492124064B4FF47E72484649
:10B53C000C701A60BDE8F883BD53002000002C404D
:10B54C00FC160020C021002040420F002DE9F041E4
:10B55C00074688461F4C02F011F91F4E054604E0C1
:10B56C0002F00CF9431BB34224D8636AD907F7D411
:10B57C00BB02C4F8088020D427F0FF03154C174EEB
:10B58C00E36002F0FBF8144F054604E002F0F6F815
:10B59C00401BB8420ED8236B3342F7D0226B104BB2
:10B5AC001A601A6822631A68D20703D51B6813F451
:10B5BC00702F0BD00020BDE8F081A26CFBB222F002
:10B5CC00FF02A264A26C1343A364D5E70120BDE87B
:10B5DC00F08100BF00002C4040420F0001000F0022
:10B5EC00F8210020154B30B50D4685B01968FFF7D2
:10B5FC00ADFF08B3124B05F10F041A69009259699B
:10B60C00019199690291DB690393002301E05EF8D3
:10B61C00102C03F0030C01334FEACC0C23F0030E77
:10B62C000F2B22FA0CF20EF1100104F8012D0DEB88
:10B63C00010EECD10023EB7305B030BDF0210020DE
:10B64C0000002C4010B5037ADB0705D5154B1B68A1
:10B65C00B3B1BDE810401847134B1B783BB9134BE3
:10B66C005C6A84F08074C4F30064204610BD0F4BF8
:10B67C000F4C1B6B1C40B4FA84F46409204610BDBB
:10B68C000C4B1C78002CF0D00B4B0C481968FFF7B6
:10B69C005DFF0028E9D0054B1C6984F48074C4F369
:10B6AC000024E2E7F4210020BD53002000002C40D0
:10B6BC0002007F11BA530020F021002000001A0D67
:10B6CC0008B5044B04481968FFF740FF08B1034B59
:10B6DC00186908BDF021002000001A0D00002C4054
:10B6EC0008B5074B07481968FFF730FF30B1064B18
:10B6FC00186980F48070C0F3002008BD012008BDDB
:10B70C00F021002000001A0D00002C402DE9F0471C
:10B71C00294B8946DFF8C0A0284ECAF8003002F049
:10B72C002DF8274D0446DFF8B480264F06E002F0D2
:10B73C0025F8001BB84229D803F018FB31682846BD
:10B74C00FFF704FF0028F2D0D8F81030DB05EED557
:10B75C0000234FF40072CAF80030D8F8283023F4D4
:10B76C008033C8F82830184BC8F804201B78CBB1AC
:10B77C0049461648FFF7EAFE30B915490E24154B19
:10B78C0040F257420C701A60BDE8F087104A0A214B
:10B79C000020104B117040F24B42CAF800001A60A6
:10B7AC00BDE8F0874FEA492908484946FFF7CEFE25
:10B7BC000028E9D1E1E700BF51950000F0210020FD
:10B7CC0000001A0D40420F00BC53002020003A1913
:10B7DC00FC160020C0210020F421002000002C4089
:10B7EC002DE9F041254C00212548A36A23F4803330
:10B7FC00A362FFF7ABFE054648B922490920224B4C
:10B80C0040F23D2208701A602846BDE8F0811F4BBB
:10B81C00DFF88080C8F8003001F0B0FF636A06469C
:10B82C00D80118D41A4F04E003F0A0FA636AD901C6
:10B83C0011D401F0A3FF831BBB42F5D9114A0A2195
:10B84C000025114B11704FF410722846C8F80050A7
:10B85C001A60BDE8F0810022084BC8F800205A6A33
:10B86C009207D1D5586B9A6AD96A22F4803241F08A
:10B87C008061D96258639A62C6E700BF00002C4011
:10B88C000000DB0CFC160020C0210020658F00009E
:10B89C0040420F00F42100202DE9F04782468946F2
:10B8AC00364E01F06BFF364D0446DFF80081354F04
:10B8BC0004E001F063FF031BBB4227D83168284624
:10B8CC00FFF744FE0028F4D0D8F81030DA05F0D594
:10B8DC0001232D4D2D4F51462B7000232C483B60DE
:10B8EC002C4BC8F80090C8F804302B4BC8F83830F3
:10B8FC00FFF72CFE0446A0B928490420284B40F23F
:10B90C009F12087020461A60BDE8F08723490A2070
:10B91C00234B4FF4CC72002408701A602046BDE80B
:10B92C00F087204BDFF88890C9F8003001F026FF33
:10B93C002B780646BBB1DFF84C8003E003F016FA17
:10B94C002B7883B101F01AFF831B4345F6D90023F2
:10B95C00C9F8003011492520114B4FF4D172002445
:10B96C0008701A60DAE73B6800229B07C9F80020D0
:10B97C00F0D53A680C4B1A42D0D0EBE7F0210020FE
:10B98C0000001A0D40420F00BE530020F821002089
:10B99C0011003A064000010002007F11FC16002045
:10B9AC00C0210020798F000000007F1100002C4086
:10B9BC00F42100202DE9F041324D1446AB7A13F0FE
:10B9CC00400012D103F03F03EA7A5B0043EAD21342
:10B9DC00621C0A43134208D02B4927242B4B40F2FC
:10B9EC0002320C701A60BDE8F081294B1B780BB940
:10B9FC00490264022748FFF7A9FD40B922490F24E8
:10BA0C00224B40F20A320C701A60BDE8F0812146DC
:10BA1C002148FFF79BFD40B91B4910241B4B40F2FA
:10BA2C000D320C701A60BDE8F08100211B48FFF745
:10BA3C008DFD38B914491124144B4FF444720C7019
:10BA4C001A60E2E701F09AFE154E164D0446DFF837
:10BA5C005C80154F31682846FFF778FD18B1D8F88F
:10BA6C001030DB05D1D401F089FE001BB842F1D9AE
:10BA7C0005492824054B40F2133200200C701A6043
:10BA8C00C3E700BFDC210020FC160020C0210020F1
:10BA9C00BC53002000001A2000001A2100001B26B5
:10BAAC00F021002000001A0D40420F0000002C4035
:10BABC002DE9F04F12F0030483B018BF012401905C
:10BACC000093002B08BF44F001045CB140492520D1
:10BADC00404B40F2F512002408701A60204603B067
:10BAEC00BDE8F08F3C4B15463C4A0E46DFF80C91F6
:10BAFC00136001F043FEDFF808810746DFF804B15C
:10BB0C00DFF8F0A006E001F039FEC01B504544D828
:10BB1C0003F02CF9D9F800104046FFF717FD002868
:10BB2C00F1D0DBF81030DA05EDD5009A2C4B2B490F
:10BB3C0003EA024300222B4F0A6043F400730121F5
:10BB4C00DFF8C4803970C8F80020CBF80050CBF86F
:10BB5C000430254BCBF83830244B1B7843B331469B
:10BB6C000198FFF7F3FC81460028B7D0204B1B4A05
:10BB7C00136001F003FE3B780546DBB11D4E03E07C
:10BB8C0003F0F4F83B78ABB101F0F8FD401BB04288
:10BB9C00F6D90023114A1360A0E70D4B0A220021AD
:10BBAC000E481A704FF4FC720A4B01601A6095E74C
:10BBBC007602D4E70023094A1360D8F800309B07BB
:10BBCC008CD5D8F800200C4B1A4208BF4C4685E7A0
:10BBDC00FC160020C021002051950000F42100200B
:10BBEC000000FF1FBE53002002007F11BC53002039
:10BBFC00798F000040420F0000007F11F0210020DF
:10BC0C0000001A0D00002C40F8210020F8B5064663
:10BC1C00007A0C461546C0071F4613D483B10F4457
:10BC2C0001E0BC420CD033682A46214630461B69E1
:10BC3C00013405F5007598470028F2D10020F8BDB5
:10BC4C000120F8BD900712D0002BF9D00F4401E071
:10BC5C00BC42F5D033682A46214630461B69013474
:10BC6C0005F5007598470028F2D10020E7E7064853
:10BC7C00FFF71EFF0028E3D104490C24044B40F2CB
:10BC8C00A1320C701A60F8BD37003A12FC16002075
:10BC9C00C0210020F8B50646007A0C461546C007B0
:10BCAC001F4613D483B10F4401E0BC420CD033685F
:10BCBC002A46214630465B6A013405F500759847E3
:10BCCC000028F2D10020F8BD0120F8BD900712D059
:10BCDC00002BF9D00F4401E0BC42F5D033682A4662
:10BCEC00214630465B6A013405F5007598470028FB
:10BCFC00F2D10020E7E70648FFF7DAFE0028E3D18F
:10BD0C0004490E24044B40F23D420C701A60F8BDFD
:10BD1C0027003A19FC160020C02100202DE9F04F15
:10BD2C000025DFF8C0929B4C91B0DFF8BC829A4E94
:10BD3C000172457289F80050257088F800503570F2
:10BD4C00FFF7D2FA29462846FFF700FC50B901212B
:10BD5C00924B40F28E22054621701A60284611B093
:10BD6C00BDE8F08F03258E4F4FF4D5713846FFF7A1
:10BD7C00EDFB00284ED1013DF6D13378002B3DD0A0
:10BD8C00DFF868B201F0FAFC864E0546DFF860A2D7
:10BD9C00854F00213046FFF7D9FB50B900251721FC
:10BDAC007E4B4FF42A72284621701A6011B0BDE800
:10BDBC00F08F59465046FFF7C9FB0028EED001F032
:10BDCC00DDFC401B794BB842E8D81A69002AE0DA4E
:10BDDC001969774A11601B695A0002D5012388F84A
:10BDEC00003000217348FFF7B1FB054610BB022160
:10BDFC006A4B40F2B12221701A60AFE7FFF774FA78
:10BE0C0029462846FFF7A2FB3378002BB8D14FF414
:10BE1C00401BB7E7654B1B69B3F5D57F07D00621EF
:10BE2C005E4B4FF42572002521701A6096E70123B2
:10BE3C003370A5E700216048FFF788FB054630B951
:10BE4C000321564B4FF42D7221701A6086E7574E22
:10BE5C005A4B32695A4F13405A495B483B60FFF7C3
:10BE6C00C1FB054630B907214C4B40F2B922217079
:10BE7C001A6073E755495648FFF7B4FB054630B9CD
:10BE8C000821464B4FF42F7221701A6066E739680F
:10BE9C005048FFF75BFB054630B905213F4B40F29C
:10BEAC00BF2221701A6059E739683E48FFF74EFBF4
:10BEBC0038B91421394B40F2C322002521701A6085
:10BECC004CE702214448FFF741FB05460028F0D01F
:10BEDC00B36A69466FF07F4023F00603B362B36A1E
:10BEEC0043F00203B3624FF010137364FFF7D4FCFA
:10BEFC009DF80D309B0743D5002841D0274E69464D
:10BF0C00364894F800803768FFF7C6FC9DF810306F
:10BF1C0003F00F03012B36D1A8B34CF25030304C48
:10BF2C000523C4F8CC31C4F8D031C4F8BC31C4F802
:10BF3C00C031C4F8C431C4F8C831FFF7EBF80023A2
:10BF4C0047F2B802C4F8CC31C4F8D031C4F8BC31D3
:10BF5C00C4F8C031C4F8C431C4F8C83141F2B803D4
:10BF6C00C4F8BC23C4F8C023C4F8AC23C4F8B03361
:10BF7C000123C4F8B423C4F8B82389F80030EDE6E3
:10BF8C0046F2A810CBE746F2A81084F80080376080
:10BF9C00C5E700BFFC160020BB530020C0210020C9
:10BFAC0000001A0800001A3740420F0000002C4015
:10BFBC00EC2100200000090200001A030000FFFF22
:10BFCC00F0210020DC21002000000909CC210020F8
:10BFDC000000090A00001B0700001A06F1FFFF8091
:10BFEC0000801F40BA530020BC530020000030409A
:10BFFC0000000229374B5A6A92052DE9F0410F4691
:10C00C000DD49A6A22F480329A6272B69A6A42F419
:10C01C0000329A629A6A42F480329A6262B601F0F5
:10C02C00ADFB2C4EDFF8C480054604E001F0A6FB06
:10C03C00431B434537D8746A14F40064F6D007F1F7
:10C04C003C0C244807F50F77436A1B05FCD5ACF173
:10C05C004003026A43F8042F9C45FAD10CF1400CC2
:10C06C006745F1D101F08AFB1A4F1B4D0646DFF8EC
:10C07C007C8004E001F082FB831B43451DD83C6BA4
:10C08C002C40F7D03B6B154A136013683B63136865
:10C09C0013F002031BD01268114B1A420CBF012083
:10C0AC000020BDE8F0810F491A250F4B40F25632A3
:10C0BC0020460D701A60BDE8F0810A491D250A4B17
:10C0CC0040F2613220460D701A60BDE8F0811846CE
:10C0DC00BDE8F08100002C4002007F11F821002007
:10C0EC0000007F11FC160020C021002040420F00F0
:10C0FC002DE9F047294B8946DFF8C0A0284ECAF835
:10C10C00003001F03BFB274D0446DFF8B480264F8E
:10C11C0006E001F033FB001BB84229D802F026FEE2
:10C12C0031682846FFF712FA0028F2D0D8F8103000
:10C13C00DB05EED500234FF40072CAF80030D8F8B6
:10C14C00283043F48033C8F82830184BC8F8042042
:10C15C001B78CBB149461648FFF7F8F930B91549A9
:10C16C000C24154B40F2BD320C701A60BDE8F08700
:10C17C00104A0A210020104B117040F2B132CAF85B
:10C18C0000001A60BDE8F0874FEA49290848494683
:10C19C00FFF7DCF90028E9D1E1E700BF5195000079
:10C1AC00F021002000001A0D40420F00BC5300206B
:10C1BC0030003A12FC160020C0210020F42100208F
:10C1CC0000002C402DE9F04100221D4C0D4642721E
:10C1DC001146A36A1B4823F48033A362FFF7B6F918
:10C1EC0040B919490924194B40F2D3320C701A602A
:10C1FC00BDE8F081002DFBD0154B164E336001F0DD
:10C20C00BDFA636A0746DA0116D4DFF84C8004E005
:10C21C0002F0ACFD636ADB010ED401F0AFFAC01B77
:10C22C004045F5D9084A0A210020084B117040F20C
:10C23C00D73230601A60DBE7002328463360D7E73B
:10C24C0000002C400000DB0CFC160020C02100205C
:10C25C00658F0000F421002040420F000A4B1B7830
:10C26C0010B504461BB9637A43B9012010BDFFF722
:10C27C00CFF80028FAD0637A002BF6D020460121A3
:10C28C00BDE81040FFF79EBFBD5300202DE9F041E3
:10C29C000446007AADF5007D164610F0010513D06A
:10C2AC0093073CD0012338486A46FFF701FC00286D
:10C2BC003AD04FF400726946304601F005FB28462F
:10C2CC000DF5007DBDE8F081DFF8CC800F4698F8C5
:10C2DC000030002B35D1637A012B39D022682B49E1
:10C2EC00126A8A424AD198F80020002A34D1002BD5
:10C2FC0039D139462046FFF7FBFEE8B101236760D0
:10C30C00637231462046FFF775FEA8B16368054697
:10C31C000133284663600DF5007DBDE8F0810123F3
:10C32C001948FFF7C5FB38B919490B20194B4FF4C5
:10C33C005D72002508701A6028460DF5007DBDE879
:10C34C00F081FFF765F80028F6D0637A012BC5D190
:10C35C006268BA42C2D1D4E7FFF75AF80028EBD092
:10C36C00637A002BC5D001212046FFF72BFF002854
:10C37C00BFD128460DF5007DBDE8F08120469047E1
:10C38C000028F6D0B5E700BF11003A11CDA000008F
:10C39C00FC160020C0210020BD5300202DE9F041E7
:10C3AC00047AADF5007D0F46904614F001041DD0C3
:10C3BC0012F0030F06D0684611464FF40072804607
:10C3CC0001F082FA0123424639462C48FFF770FBF4
:10C3DC00044630B92A490D202A4B40F2114208700C
:10C3EC001A6020460DF5007DBDE8F081264D06460D
:10C3FC002B782BBB737A022B29D032682349126A13
:10C40C008A4236D12A7832BB002B2BD1336839467D
:10C41C0030461B6E98470028E3D002237760737276
:10C42C00336841463046DB6D98470028D9D0736895
:10C43C0004460133204673600DF5007DBDE8F081A4
:10C44C00FEF7E6FF0028CCD0737A022BD5D17268A8
:10C45C00BA42D2D1E4E7FEF7DBFF0028C1D0737AF1
:10C46C00002BD3D001213046FFF7ACFE0028B8D00A
:10C47C00CCE7304690470028B3D0C7E701003A1804
:10C48C00FC160020C0210020BD530020CDA00000D0
:10C49C00012101F0D9B900BF01F09AB930B482B0D2
:10C4AC000C4602AB03E90600C37C002B30D072B6FD
:10C4BC00C37CDA0708D54FF0E0214569D1F880211B
:10C4CC002A408262C1F880219D0708D54FF0E021F7
:10C4DC008569D1F884212A40C262C1F884215907A8
:10C4EC0008D54FF0E021C569D1F888212A400263B4
:10C4FC00C1F888211A0708D54FF0E021056AD1F858
:10C50C008C212A404263C1F88C21DB062FD462B601
:10C51C0083689C4235D0224B84609B69214AC3F3CB
:10C52C000111C3F3826352F821100133B1FBF3F212
:10C53C00CCB1944227D8B2FBF4F3B2FBF3F29442A1
:10C54C002CD3B3F5817F20D3174CC460036803222E
:10C55C000020019918615A6201221C6419661A6143
:10C56C0002B030BC70479942EFD3531CE9E74FF04F
:10C57C00E022416AD2F890310B408363C2F89031CB
:10C58C00C5E7C468E2E70024DFE7022BFBD9023BD6
:10C59C005A08140244EA02441C43D6E71A46E4E75C
:10C5AC0000C00F4034090020FF7F7F0008B5034610
:10C5BC0053F8040B93E80600FFF770FF08BD00BFAB
:10C5CC0084B00DF1100C0CE90E00024623B1184694
:10C5DC00136004B0F8F702BD024B1846136004B0A8
:10C5EC00F8F7FCBCDC1100200268D37C13B3D8072D
:10C5FC0004D5906A4FF0E021C1F80001990704D5E9
:10C60C00D06A4FF0E021C1F80401580704D5106B33
:10C61C004FF0E021C1F80801190704D5506B4FF019
:10C62C00E021C1F80C01DB0604D5926B4FF0E0233E
:10C63C00C3F81021704700BF0068F8F7EDBD00BFCC
:10C64C000268FF2312685366D36D13F4F81FFBD0F6
:10C65C00506FC0B2704700BF30B50C4683B0054672
:10C66C00FF212046019203F015F82868019B224611
:10C67C002146F8F7CDFD002003B030BD03681A68E1
:10C68C005166D36D13F4F81FFBD0536F704700BF86
:10C69C00531EB3F5007F30B51446ADF5017D05464C
:10C6AC0011D36AB10368481E1968821810F8013F4B
:10C6BC004B66CB6D13F4F81FFBD090424B6FF5D14A
:10C6CC000DF5017D30BD684601F0FEF86A46234643
:10C6DC0028681146F8F79CFD0DF5017D30BD00BFB3
:10C6EC0030B5037883B0DC071DD50446406804F1EF
:10C6FC0010020368E16801925B6A9847019A05464B
:10C70C00A8B12378990708D56068D4E90231194497
:10C71C0003685B6A984750B1237823F001032846DD
:10C72C00237003B030BD0125284603B030BD002571
:10C73C00284603B030BD00BFF8B543680BB3C368DF
:10C74C0004460F4615468B4206D110F8103B05F0F7
:10C75C0003052B432370F8BDFFF7C2FF88B16B07AD
:10C76C0005D504F1100630460023E760EFE760685A
:10C77C0004F110063946036832461B6998470028B5
:10C78C00F1D10020F8BD00BF10B50446808982B0FD
:10C79C0018B10023A38102B010BDD4E901318B4242
:10C7AC00F9D201AA184600F0B7F880B1019B60607D
:10C7BC00B3F5803F01D298B2EDE7980AC3F30903B1
:10C7CC00A0F52150A3F5105380B2A381E3E74FF6F7
:10C7DC00FF70E0E7B1F5807F21D810292ED84023D7
:10C7EC004FF0200CB2FBF3F1B1F5806F20D203FBBC
:10C7FC00112300B5B2FBFCFEB3FBFCF30CFB1E22B9
:10C80C004FEA910CDBB201322CF03F0CC9B2037031
:10C81C0042EA0C028170D2B242705DF804FB3F23F5
:10C82C009C46802910D9B1F5FC7F0FD81B01D9E7A4
:10C83C00FF21FE234170037081707047202916D8A8
:10C84C0080234FF0200CCDE7DB00CBE7B1F57C7FEC
:10C85C0004D9B1F5FC6F03D89B01C3E75B01C1E7B9
:10C86C00B1F57C6F94BFDB01C3EB0323BAE7202344
:10C87C009C46D6E77F28A2EB010205D812B10A46E6
:10C88C0002F8010B10467047B0F5006F0FD2012A69
:10C89C0040D94FEA901C00F03F030A466CF03F0071
:10C8AC0063F07F0302F8020B10464B707047B0F533
:10C8BC00803F16D2022A2DD9C0F3851C00F03F030D
:10C8CC00CA1C63F07F0300B54FEA103E6CF07F008A
:10C8DC008B706EF01F0E4870104681F800E05DF80A
:10C8EC0004FB032A16D94FEA904CC0F30532C0F36F
:10C8FC00851300F03F0062F07F026CF00F0C63F0C8
:10C90C007F0360F07F004A700A1DC87081F800C078
:10C91C008B70B7E70022B5E788423DD2034610B4CE
:10C92C0090F900001C7800282DDA04F0E000C028F3
:10C93C0034D004F0F000E02834D004F0F800F028F3
:10C94C0026D104F0070404201844884220D801336F
:10C95C0013F8011B01F0C00C01F03F01BCF1800F7A
:10C96C0041EA841414D18342F2D1A4F180010F4B1B
:10C97C0099420DD8A4F55843B3F5006F08D3146051
:10C98C005DF8044B7047581C14605DF8044B7047FD
:10C99C0000205DF8044B70470020704704F01F0422
:10C9AC000220D1E704F00F040320CDE77FFF100035
:10C9BC007E283ED94FF0350C002330B4284C04E0CF
:10C9CC0034F82120824220D80B46ACEB0302012A1A
:10C9DC0003EB5201F4D89BB234F82320904216D2C8
:10C9EC004B2400231F4D04E035F8212082421ED831
:10C9FC000B46E21A012A03EB5201F5D89BB235F82B
:10CA0C00232082421FD030BC70478C46DDE704EBFC
:10CA1C008304821AE3789A42E2DA94F90230012B09
:10CA2C0016D0D3B19BB2034430BC98B270470C46BD
:10CA3C00DFE7A0F16103192B8CBF00230123A0EBCE
:10CA4C00431398B2704705EB8305688830BC704778
:10CA5C0002F00102831A98B2D5E74EF2A033E2E756
:10CA6C00AC0400208003002072B616E072B618E009
:10CA7C0072B6224800680121016006E072B61EF110
:10CA8C000F0F38D01EF11F0F35D01D48016800293B
:10CA9C0003D0A1F1010101602DE01A4800680128C2
:10CAAC0029D119480068A0E8F04FA0EC200AF1EE5B
:10CABC00101A02C015480068002803D1EFF3098052
:10CACC001349086000F07AF90F480068B0E8F04F9D
:10CADC00B0EC200A02C8E1EE101A0EF0100E6EF047
:10CAEC00160E0A480068002805D10948006880F332
:10CAFC0009884EF0040E62B6704700007852002090
:10CB0C00805200207C52002090520020885200203D
:10CB1C008C5200200F4B1A6822B11FB51B68984726
:10CB2C00BDE81F401EF0040F0CBFEFF30880EFF3BD
:10CB3C000980836913F8023C212B08D0222B00D0EA
:10CB4C007047054B01221A60FFF790BF7047FFF743
:10CB5C008BBF7047342200207C520020044A93681B
:10CB6C0043F001039360BFF34F8FFFF787BF00BF04
:10CB7C0000C01E40044A936843F001039360BFF366
:10CB8C004F8FFFF77BBF00BF00001F40024B0222FC
:10CB9C001B68C3F8B420704798520020244A1368CD
:10CBAC0030B43BBB4FF0E021D1F80C41E50628D462
:10CBBC00204B214CC3F8D041204BFF2483F8644018
:10CBCC0010240123C1F80C4113601D4C1D4BE26E67
:10CBDC0000250121013842F44012E26617221D6043
:10CBEC003F245A604122186108469C60D9601A6043
:10CBFC0030BC7047012BE8D0022B13D0002030BC86
:10CC0C007047D1F80C41A4060FD40A4B0E4CC3F854
:10CC1C00D4410A4BFF2483F8654020240223C1F839
:10CC2C000C411360064C094BD1E71846E7E700BFEF
:10CC3C004022002000180020CDA9000000E400E0F4
:10CC4C0000C00F4000C01E40E5A9000000001F40BE
:10CC5C00F8B50A21002604464FF480633C22224F8B
:10CC6C00C0E900133146183026616665C4E90266D6
:10CC7C0002F010FDC42000F0C1FE0546C42231466E
:10CC8C0002F008FD05F10C0C01202168C7F800C06A
:10CC9C00164FC5F8B40038601548C5F8BC100660CE
:10CCAC001448154B016003201449154A08604FF4D1
:10CCBC0020511D602960134B13496A606561116036
:10CCCC00DA6A12498A420CD011490A6011480021D3
:10CCDC00114AD8624FF47A701160FFF75FFF20465B
:10CCEC00F8BD0B4A1660F1E79052002088520020E4
:10CCFC008C52002080520020985200207C52002040
:10CD0C0000D8062000180020ADDEADDEFDB8000016
:10CD1C003422002085A900009C52002070B5224CC2
:10CD2C000646224D21682A688368C1F8B82053B39F
:10CD3C004968521A082A2EDD01330F2BB3600CDC24
:10CD4C00191D06EB810252681AB1D2F8B420012ADF
:10CD5C001DD00133102BB360F2D10022012304212A
:10CD6C00B26006EB8101124E12484A68D2F8BC1030
:10CD7C00226002F10C043160D2F8B8100E4A046043
:10CD8C002960136070BD012213468260D8E7B3FAA4
:10CD9C0083F35B09E5E7FFF7F9FEB36801330F2B6B
:10CDAC00B360CDDDD9E700BF985200208C52002033
:10CDBC008052002090520020885200200148FFF73A
:10CDCC00ADBF00BF3C5300202DE9F04172B62E4A96
:10CDDC0002241368146062B60568002D45D072B643
:10CDEC005D1C08BF0123136062B6284E376872B60B
:10CDFC001368146062B60568002D36D0244D4FF0D0
:10CE0C00040CDFF890E072B6B3F1FF3F08BF0123CA
:10CE1C00136062B619B13368DB1B8B4230D84368A0
:10CE2C00013318D172B6D2F80080146062B6AB68C8
:10CE3C004360DEF800308360436805EB83035B6975
:10CE4C00C3F8B4C072B6B8F1FF3F08BF4FF0010889
:10CE5C00C2F8008062B621DF72B61368146062B645
:10CE6C00D0F80080B8F1000FCDD10121016072B66D
:10CE7C00581C08BF0B46136062B60846BDE8F0812B
:10CE8C0000210846BDE8F0817C520020345300207C
:10CE9C003C5300208052002010B472B6144A022178
:10CEAC001368116062B6016801290BD0BFF35F8F64
:10CEBC0072B6591C08BF0123136062B601205DF8DD
:10CECC00044B7047002404604468002CEEDB44687B
:10CEDC004FF0FF32074B03EB84035B69C3F8B410CC
:10CEEC004260BFF35F8F22DF01205DF8044B704777
:10CEFC007C5200203C5300200148FFF7A9BE00BF24
:10CF0C003C530020EFF3108272B6437F5BB9017F74
:10CF1C00012930B40BD0032913D00123437702B974
:10CF2C0062B630BC70470AB962B670477047124C93
:10CF3C002168B1B1114943610B6808608361586184
:10CF4C00EBE70F4D0F492C688CB143610B68836183
:10CF5C0058614FF0E0234FF080540860C3F8044D43
:10CF6C00DBE7064B20601860C0E90511D5E7C0E986
:10CF7C0005442860EDE700BF0422002010220020A9
:10CF8C000C2200200822002070B5EFF3108272B63C
:10CF9C000C4C206880B10C4E00254369236073B1A2
:10CFAC009D6102B962B6836845779847EFF31082AA
:10CFBC0072B620680028F0D102B962B670BD336039
:10CFCC00EFE700BF0C22002008220020FFF7DCBF97
:10CFDC000449054A4968054B19601368013313600D
:10CFEC00704700BF001000E0345300203053002085
:10CFFC00704700BF704700BF704700BF704700BF4D
:10D00C0038B5064CA4F1600554F8083C2046183C91
:10D01C00DB689847AC42F7D138BD00BF101B00202D
:10D02C00F8B5036843B3154C0746154E1C44241140
:10D03C0004EB4405ED00735905F10800DB6830443E
:10D04C009847104B0021012273513B689960DA60BC
:10D05C00FF230D4A1355137850789478834228BFD8
:10D06C000346D078094AA34228BF2346834228BFEF
:10D07C00034682F87A303960F8BD00BF00BFF7BFB5
:10D08C00C01A0020540600204012002000E400E0EA
:10D09C0010B4064B0020064C064A1C609C611C63B5
:10D0AC009C6405495DF8044B01F0ECBFC01A0020EC
:10D0BC00540600204C12002071AE0000084601F00E
:10D0CC00C1BD00BF012A70B508BF0A228AB091B356
:10D0DC004FF0210E01E05FFA86FE0EF1FF36B1FB38
:10D0EC00F2F502FB15145FFA84FC092C0CF13704E1
:10D0FC000CF1300C98BF5FFA8CF40EF1280C88BF41
:10D10C00E4B29142EC4429460CF8244CE3D24BB1E6
:10D11C000EF1FF3E2D225FFA8EFE0EF128036B44BA
:10D12C0003F8242C036801A9CEF122025B68714438
:10D13C0098470AB070BD30224FF0210E8DF8252093
:10D14C00E5E700BF2DE9F0410C46D1B1EAB18046CC
:10D15C008E1800250E4F04E001F074FDB442054416
:10D16C000CD0D8F8003014F8010B1B68BB42F3D07C
:10D17C00014640469847B4420544F2D12846BDE8E2
:10D18C00F0810D462846BDE8F0811546F6E700BF54
:10D19C002DAF0000002903DB00230A22FFF792BF0A
:10D1AC0049422D230A22FFF78DBF00BF00B503684B
:10D1BC0083B040F60D2C022201A95B68ADF804C0C7
:10D1CC00984703B05DF804FBB4EE400B70B5F1EE7C
:10D1DC0010FA05462DED028B86B07CD6B0EEC07BE6
:10D1EC009FED476BB4EE467BF1EE10FA6BDC9FEDD6
:10D1FC00467BB4EEC70BF1EE10FA5ADC9FED447B84
:10D20C00B4EEC70BF1EE10FA53D4B5EEC00B0C46CE
:10D21C00F1EE10FA5BD40023B6EE007B002C5ED04E
:10D22C004FF0000C9FED3C6B0CF1010C27EE067BD4
:10D23C005FFA8CF2A242F7D330EE070B0A22284693
:10D24C00FCEEC07BB8EE678B17EE901A30EE488B75
:10D25C00FFF738FF0F2C4FF02E03B2EE046B06468F
:10D26C0028BF0F248DF808300DF1090302AA611EA6
:10D27C0053FA81F128EE060BFCEEC07BCDED017A62
:10D28C009DF8043007EE903A3033B8EEE78B02F895
:10D29C00013F914230EE488BECD12B68013402A94E
:10D2AC0028465B68E2B29847304606B0BDEC028B6C
:10D2BC0070BD2B6803221A495B6806B0BDEC028B6B
:10D2CC00BDE870401847036803221649F4E7B1EE35
:10D2DC00400B0123A0E7036803221349ECE730EE6F
:10D2EC00070B0A222846FCEEC07B17EE901A06B0FC
:10D2FC00BDEC028BBDE87040FFF7E4BEAFF30080DD
:10D30C00FFFFFFFFFFFFEF7F000000E0FFFFEF419B
:10D31C00000000E0FFFFEFC19A9999999999B93FE4
:10D32C00500600204C0600204806002001F07ABC74
:10D33C0001F012BC2A2849D8F8B5254F04463B7891
:10D34C00E3B9244B1B5DFF2B29D0234A02EB0412BB
:10D35C0091680A6802F44050B0F5805F30D01C062A
:10D36C001FD41E4C2360236AD80704D401F0FEFCA2
:10D37C00236AD907FAD5194B586AF8BD174D184EC0
:10D38C0001E001F0F3FCAB6C1B06FAD4B36C13F0A8
:10D39C008003F6D13B700F4B1B5DFF2BD5D10020CA
:10D3AC00F8BD0F4C03F07F032360236ADA0704D423
:10D3BC0001F0DCFC236ADB07FAD5094B586AF8BD8F
:10D3CC0022F480521C060A60EBD4CAE70020704796
:10D3DC00C3530020B40C00204409002000400C4032
:10D3EC0000800C40A249A34B88422DE9F047A24C87
:10D3FC005E699A69D4F80C801BD9A04B984240F214
:10D40C000281C31A9E491B0AA1FB031340F2276138
:10D41C00DB0903EB830303EB830303F2E2438B424D
:10D42C0028BF0B46A3F54877964BA3FB0737FF089D
:10D43C0004E0954FB8428CBF0E2706278D4908F0A3
:10D44C001F09D1F88030B94543F0C003C1F88030D2
:10D45C000CD228F01F08A1F5F82148EA0708C1F8FA
:10D46C000C800B68002BFCDA08F01F0916F0007317
:10D47C0024D186490C698649A14300F0EA8082F4E4
:10D48C00805134464FF4805514F0605F04D026F080
:10D49C0060561E43774B5E6111F4405F07D022F457
:10D4AC00405274492A438A618B6C1A07FCD446F0AB
:10D4BC000076704A5661936C9B06FCD4754CA04266
:10D4CC0000F2CE804FF0010C0146634603FB0112C3
:10D4DC0003F1010E0CF10105A24218D8BEF1080FA0
:10D4EC004FF0010340F08D80BCF1040F00F29180ED
:10D4FC000A18A24200F2A48005FB00F1AC4603F12D
:10D50C00010E03FB01120CF10105A242E6D90CF14C
:10D51C00FF318C0286EA81215F4810445F4A9042B9
:10D52C007FD9DFF8A4A16C225D48584DB0FBFEF00A
:10D53C00D5F800E0B0FBFCF0DFF890C10EEA0C0C63
:10D54C00D44509D042F400524FF4805CC5F800C0B9
:10D55C002A602A68002AFCDA464A156905F0070594
:10D56C009D4203D01361936CDD03FCD411F4E05F96
:10D57C0009D026F4E05604F4E0543E4A26435661A2
:10D58C00936C9907FCD44749474A014491423CD8D3
:10D59C00464BC909A3FB0131090B4B1E1B0286EA42
:10D5AC00030212F4407F06D026F4407603F4407355
:10D5BC00304A334353612F4A536923F0007353614C
:10D5CC00936C9B06FCD43A4B4F45A3FB00234FF0C6
:10D5DC00FF324FEA9343B0FBF1F1B2FBF3F3354A60
:10D5EC001060354A1160354A136008D228F01F08C4
:10D5FC00214A48EA0707D7601368002BFCDABDE81C
:10D60C00F087734662E7122718E74FF44073042142
:10D61C00C5E70CF1FF31204807238C02104486EA41
:10D62C008121274ADFF8A8A0A2FB0020020D254883
:10D63C00362A38BF362202FB00F042EA0A0A74E7A7
:10D64C004FEA8C24002386EA8C214FF0010EAC4665
:10D65C0062E71D4686F0C05411464FF0C05313E7E5
:10D66C0000244FF0010C024631462346E64653E7B0
:10D67C0000A4781F00C00F40000008400046C323E0
:10D68C0023B24C001F85EB5100366E0100800D401B
:10D69C0040300080FFB19F26808D5B00FF7EF64DF1
:10D6AC0000643F4D7FD1F0087F17B42C9F10E5002C
:10D6BC0083DE1B439C0E0020980E00202853002074
:10D6CC00819F5E16001BB7006C2000807F300180AC
:10D6DC000020008000B970472DE9F84F01218146E8
:10D6EC00214C224D224E54E8003F2A68306844E811
:10D6FC000013002BF7D11F494B684FF47A7BDFF8EE
:10D70C0078A01B1A01270BFB02F8DAF80020A3FB08
:10D71C0002325A4594BF9044D84454E8003F2A68DA
:10D72C00306844E80073002BF7D14B68DAF800C07E
:10D73C001B1A0BFB02F2A3FB0C3CBCF57A7F94BFCB
:10D74C00624402F57A72A2EB0802B2F57A7F06D334
:10D75C00B9F1010908F57A78DFD1BDE8F88F01F04D
:10D76C0005FB0449D9E700BF38530020345300208F
:10D77C0030530020001000E02853002030B40F4B31
:10D78C004FF0010C0E4D0F4C53E8002F2868216808
:10D79C0043E800C2002AF7D10B4B5B680B4A5B1ABB
:10D7AC004FF47A71126801FB00F0A3FB023230BC1B
:10D7BC008A4294BF80184018704700BF385300202D
:10D7CC003453002030530020001000E02853002078
:10D7DC00362816D80201104B03EB00109B5810B4DE
:10D7EC00C2685C68144205D061B95DF8044BC3F89B
:10D7FC0088207047836851B1084A5DF8044B1A6061
:10D80C00704770475DF8044BC3F884207047044A96
:10D81C005DF8044B1A6070474409002038F0010091
:10D82C003830010036280BD8064B020103EB0010F0
:10D83C009A58C36892681A4214BF0120002070479E
:10D84C000020704744090020362829D8164B0201C5
:10D85C00012903EB00109A5810B45368C4680ED019
:10D86C0004290CD023EA040353608368A9B102296C
:10D87C0017D003290CBF0D4A0D4A1A6007E0234349
:10D88C0001295360836808D040F638021A60436857
:10D89C0015225DF8044B1A60704738221A60F6E7BF
:10D8AC007047044A1A60F2E744090020383001003E
:10D8BC003800010038F0010008B5F6F723F8F6F748
:10D8CC00FDFA01F053FAFAE7844641EA000313F03B
:10D8DC0003036DD1403A41D351F8043B40F8043B6B
:10D8EC0051F8043B40F8043B51F8043B40F8043B2E
:10D8FC0051F8043B40F8043B51F8043B40F8043B1E
:10D90C0051F8043B40F8043B51F8043B40F8043B0D
:10D91C0051F8043B40F8043B51F8043B40F8043BFD
:10D92C0051F8043B40F8043B51F8043B40F8043BED
:10D93C0051F8043B40F8043B51F8043B40F8043BDD
:10D94C0051F8043B40F8043B51F8043B40F8043BCD
:10D95C0051F8043B40F8043B403ABDD2303211D36D
:10D96C0051F8043B40F8043B51F8043B40F8043BAD
:10D97C0051F8043B40F8043B51F8043B40F8043B9D
:10D98C00103AEDD20C3205D351F8043B40F8043B6D
:10D99C00043AF9D2043208D0D2071CBF11F8013B6B
:10D9AC0000F8013B01D30B8803806046704700BF31
:10D9BC00082A13D38B078DD010F003038AD0C3F140
:10D9CC000403D21ADB071CBF11F8013B00F8013B22
:10D9DC0080D331F8023B20F8023B7BE7043AD9D3E1
:10D9EC00013A11F8013B00F8013BF9D20B780370B6
:10D9FC004B7843708B7883706046704701F048BB5E
:10DA0C0001F04EBB01F1FF3C70B56646002400E00E
:10DA1C000134B0FBF2F502FB1503092B03F1370EB1
:10DA2C0003F130035FFA8EFE98BF5FFA83FE9042DB
:10DA3C00284606F801EFEBD2631C0022C818CA5422
:10DA4C007CB162461CF8015F10F8016DA1EB0C0370
:10DA5C0002328CF80060013B521A057023449A4242
:10DA6C00EFDB084670BD00BF074A506A936A19463F
:10DA7C008446506A936A9942F9D18445F7D1DB0BFD
:10DA8C0043EA4040704700BF00400D4072B6EFF3D0
:10DA9C000583524CC4F884301EF0040F0CBFEFF316
:10DAAC000882EFF309824FF0E0234D4E4D4DD3F831
:10DABC00280DD3F82C1DC4E92201D3F8341DD3F85A
:10DACC00383DC4E924139369C4F89830D369C4F879
:10DADC009C3000F0BFF884ED280AFFF7C5FF0B213E
:10DAEC004FF0FF32C4F8A4000B46C4F880103E4936
:10DAFC00301D5A40202402F00103013C01FB03F3CA
:10DB0C0083EA5202F7D1A84202D073680646EFE7C7
:10DB1C00324BC3F8A820BFF34F8F4FF0E0233049AE
:10DB2C00324AC3F8701FC3F8702FBFF34F8FBFF387
:10DB3C006F8F2F4A02252F48D36E2F4943F4405341
:10DB4C00D3660560D3692D4823F07F0343F040036F
:10DB5C00D3610B6883423DD8264D00214FF0E02362
:10DB6C004FF0FF3229600126C5F808112449C5F889
:10DB7C000011C5F80861C3F88021C3F88421C3F8EB
:10DB8C008821C3F88C21C3F8902101E000F054F9EE
:10DB9C00D5F80C31002BF9D00134C5F80C614F2CA1
:10DBAC00F4D9184B022018494FF00042C1F840013B
:10DBBC005A63D5F80C313BB9144815490D4A016329
:10DBCC00D2F80C31002BFAD04FF0E023114AC3F8F5
:10DBDC000C2DFEE7FFF706FCBEE700BF00FF272079
:10DBEC0080FF2720A8FF27202083B8EDA0FF272047
:10DBFC0000C00F40004008409C0E0020803DCD0B23
:10DC0C00009F240000900D4000002E4000800F402B
:10DC1C00F100AD0B0400FA050A490A6838B108B5E1
:10DC2C0013180948834204D810460B6008BD1046EF
:10DC3C00704701F0D9FD0C234FF0FF320360104602
:10DC4C0008BD00BF481200200000282030BFFDE7AF
:10DC5C00FFF71CBF124AD2F880305B07FBD5D2F815
:10DC6C0080301048C3F30B230F4990ED007A07EE78
:10DC7C00903A91ED006AB8EE477A0C4AF8EEE77AE2
:10DC8C000B4BD2ED006A77EEC77A93ED007AB8EEC3
:10DC9C00477A67EE867A87EEA60A37EE400A704717
:10DCAC0000810D40185300202053002024530020E5
:10DCBC001C530020836BF0B41BB1536843F4004336
:10DCCC00536072B6446B3CB31A4B2260D3F8B0412C
:10DCDC000C421DD1184E776804E07468E41BB4F54F
:10DCEC00166F0BD2D3F8404144F48044C3F8404142
:10DCFC00D3F8B851D3F840416404EED50D4007D1A8
:10DD0C000C4CC0E90225D4F8B0310B43C4F8B03147
:10DD1C00426362B6F0BC7047064DC0E90224D5F8E8
:10DD2C00B0310B43C5F8B0310263426362B6F0BC4C
:10DD3C00704700BF00002E40001000E070B5056B6E
:10DD4C009DB106462A46002403E012680134012ADC
:10DD5C000CD0536813F08003F7D032632CB12846F3
:10DD6C00B36B2D689847013CF9D170BDC6E90C33F3
:10DD7C00F4E700BF30B4D9B91F4C204B0021204A26
:10DD8C0001254FF0011099601D60C4E90231802417
:10DD9C005C60C2F8BC01D2F8B0311A482B43C2F80F
:10DDAC00B0310160D2F8B031002BFBD130BC7047E0
:10DDBC000904154B104C012541F080019860104A64
:10DDCC00596000F580511D60D96000F50051A364C5
:10DDDC00196100F5405100F58040596100219861AE
:10DDEC00E164D2F8B03143F48033C2F8B031D2F8E8
:10DDFC00B031002BFBD1C0E700000020201B00201D
:10DE0C0000002E40A8520020401B0020084901228F
:10DE1C000B7802FA00F023EA0000087030B9054ACA
:10DE2C00D2F8483123F08003C2F84831704700BF64
:10DE3C00C753002000002E402DE9F04F974C83B0C3
:10DE4C00D4F84471FB07C4F8447153D5D4F8AC2111
:10DE5C00002A4AD0924EDFF860A2DFF87492DFF805
:10DE6C0074B2DFF87482C4F8AC21D6E90A20D4F875
:10DE7C00403143F40053C4F84031D4F840319D0490
:10DE8C00F5D5D4F8403123F40053C4F840314FF0A9
:10DE9C000113C4F8B431D4F8B45115F00115FAD10A
:10DEAC0093B28446CAF80050B3F5086F00F0CF81E6
:10DEBC0000F2DB8040F202318B4200F0E78100F28D
:10DECC009A80822B00F0CB81B3F5817F40F08A8061
:10DEDC0010F0780F83B200F003824FF00113C4F8F6
:10DEEC00C031D4F8AC21002ABDD16C4AD2F8BC3177
:10DEFC00002B42D17E0616D5684BD3F8AC21C3F863
:10DF0C00AC21D3F8BC21C3F8BC21D3F8B041002C10
:10DF1C00FBD14FF0FF32C3F8B421D3F8843100F0B9
:10DF2C0029FD604B1C60FC0103D55F4B1B6803B1E2
:10DF3C009847B80103D55D4B1B6803B19847790727
:10DF4C0008D5564BD3F8843113F4007347D0584B93
:10DF5C0001221A70514BD3F848311A060AD53B06E8
:10DF6C0008D5544A13782BB1013BDBB21370002B4C
:10DF7C0000F0728203B0BDE8F08F4F49C2F8BC319B
:10DF8C000868034240F0D181464A14681C40B1D065
:10DF9C005FEA144810D0424E4FF0010998FAA8F5E8
:10DFAC00B5FA85F506EBC51009FA05F54030FFF713
:10DFBC00C5FE38EA0508F1D1A4B2002C9AD0384E2F
:10DFCC004FF0010894FAA4F5B5FA85F506EBC510E7
:10DFDC0008FA05F5FFF7B2FEAC43F3D18AE7344AF1
:10DFEC001370B7E7802B7FF478AF3448022105809B
:10DFFC00FFF7C0FE75E7B3F5A06F00F00B81A3F53A
:10E00C00D063012B3FF669AF2D4B5D68002D3FF4BB
:10E01C0064AF1FFA8CFC4FEA124E04E01D690C33FE
:10E02C00002D3FF45AAF1A887245F7D15A886245D1
:10E03C00F4D14FEA1E22032A00F0A5811A89000CA4
:10E04C00824228BF0246BEF5007F40F0A181184BEA
:10E05C001C4918781C4B0192002818BF19461B4804
:10E06C00FFF732FC194D019AE1E142F221218B427A
:10E07C007CD033D942F221318B4200F081804FF6B3
:10E08C00C0018B427FF429AF10F47F4F83B27FF431
:10E09C0024AF43F46E4363F30F0CB5E700002E403E
:10E0AC0000000020AC520020A0530020A4530020FC
:10E0BC00CD530020CE530020A8520020E052002067
:10E0CC00E80C0020C82000602C21006000002020FB
:10E0DC00A05200205DCFC6B8C0012E40B3F5106F22
:10E0EC0066D042F221018B427FF4F7AE030C072B72
:10E0FC007FF4F3AEB24BB349F560D960B249B3606B
:10E10C00C3F80890C1E9002001221A60AF4A5A6096
:10E11C00AF4A1A61D4F8B01141F00101C4F8B01142
:10E12C0002F5805102F5005259619A61D4F8B03170
:10E13C00002BFBD1A74AF36493600123B2641360F4
:10E14C0048F2800353604FF00113C4F8BC31D4F88B
:10E15C00B03143F48033C4F8B0314FF48033CAF893
:10E16C000030D4F8B031002BFBD1BAE680B238B90C
:10E17C00994BC2F307421968984B1960984B1A7067
:10E18C00944B00229A60F2640122B3641A608022DC
:10E19C005A604FF00113C4F8BC31D4F8B03143F4D9
:10E1AC008033C4F8B031D4F8B031002BFBD198E6F1
:10E1BC00C2F307428B4B1A708B4BC4F8C8318B4B94
:10E1CC00C4F8CC318A4BC4F8D03100F0D5FB802296
:10E1DC002946884801F05EFA874B8022C6F8A0B029
:10E1EC00C6F8E0307B4BF5645A600122B3649D6045
:10E1FC001A604FF00113C4F8BC31D4F8B03143F4B9
:10E20C008033C4F8B031CAF80050D4F8B031002BC8
:10E21C00FBD166E66F4B0121F564196080219D608E
:10E22C00B36459604FF00113C4F8BC31D4F8B03169
:10E23C0043F48033C4F8B031D4F8B031002BFBD1A7
:10E24C00130C5B0643F08073C4F8543149E6654BFC
:10E25C0001216A481B780370FFF78CFD41E683B2FD
:10E26C0010F078007FF439AE03F07F0258F82210DA
:10E27C00624A1080180600F19E80CB0701D501235D
:10E28C00137002215D48FFF775FD2AE610F0780F38
:10E29C0083B27FF422AE03F07F0213F0800F58F8A4
:10E2AC00223014BF43F4803343F0010348F822308A
:10E2BC000022484BF2649A600122B3641A608022F7
:10E2CC005A604FF00113C4F8BC31D4F8B03143F4A8
:10E2DC008033C4F8B031D4F8B031002BFBD100E658
:10E2EC0003F07F0213F0800F58F8223014BF23F490
:10E2FC00803323F0010348F822300022354BF264BE
:10E30C009A600122B3641A6080225A604FF00113A4
:10E31C00C4F8BC31D4F8B03143F48033C4F8B03114
:10E32C00D4F8B031002BFBD1DBE500200860264986
:10E33C000C88486842F221018C427FF425AE80B2F1
:10E34C0000287FF421AE2E492E4C03C9A1808628CB
:10E35C004FEA11412060A1717FF416AE72B62A48C3
:10E36C00017841F008010170D2F848110D0605D46E
:10E37C0080200143C2F84401C2F8481162B6234A16
:10E38C005021117000E6000C2A78824228BF024608
:10E39C00BEF5E06F44D11E4B1E4D18781E491F4B25
:10E3AC000192002818BF19462846FFF78DFA07235B
:10E3BC006B70019A3BE0C9033FF561AF61E700BFA9
:10E3CC00401B0020A0620020E01C00208000070001
:10E3DC00A0720020201B0020345300209C530020EE
:10E3EC00CB530020CC5300200200CC00C80002000C
:10E3FC000200C800800000201993D574E052002060
:10E40C00A052002094530020C7530020CE5300206C
:10E41C00CD530020000020202C210060C82000607B
:10E42C002946104D01922846FFF74EFA019A25F025
:10E43C001F031544BFF34F8F4FF0E021C1F8703F1D
:10E44C0020339D42FAD8BFF34F8FBFF36F8F05482F
:10E45C001146FFF78FFC44E50320FFF7D7FC01F0D2
:10E46C00FFFB00BF000020202DE9F0471F46831E54
:10E47C00022B01D9BDE8F087DFF84C9015460C460D
:10E48C003C2209EBC01806464FEAC01A002108F1DD
:10E49C000400240401F0FEF8B5FA85F201235209B8
:10E4AC0044EA427449F80A40C8F83870C8F8083091
:10E4BC00002FDFD0034AB34011680B431360BDE853
:10E4CC00F08700BFAC520020000000202DE9F0477F
:10E4DC000D46811E022901D9BDE8F087C701DFF87E
:10E4EC004C909246044640373C2200211E4609EBD4
:10E4FC0007082D0408F1040001F0CCF8BAFA8AF2EE
:10E50C00520945EA427249F807200122C8F83860DE
:10E51C00C8F80820002EDFD0034B10341968A24035
:10E52C000A431A60BDE8F087AC52002000000020BE
:10E53C0012048160C36101F5405342F0800210B4B3
:10E54C000124426001F50052046001F5805401F58C
:10E55C008041C46081615DF8044BC0E904237047BD
:10E56C00831E0A46022B00D97047064B00F110019E
:10E57C004FF0010C03EBC0100CFA01F14030FFF727
:10E58C0099BB00BF00000020831E0A46022B00D955
:10E59C0070470121024B814003EBC010FFF78ABB8F
:10E5AC000000002040687047124A134BD2F820023A
:10E5BC0020F07F40984210B584B002D200EB80006E
:10E5CC0040000E4C01A90A22FFF71CFA01A90023F6
:10E5DC00204611F8012B01333AB10A2B20F8022FF7
:10E5EC00F7D11623237004B010BD5B00DBB223708F
:10E5FC0004B010BD00441F4080969800D016002037
:10E60C0000F0D8BA00F0CABA00F066BB00F03CBB10
:10E61C000846114600F02CBBF8B5144C4FF0E02521
:10E62C00134E4FF4003204EB4024124F06EB40160D
:10E63C000346C5F88C2121463A883046FFF778FF0F
:10E64C003B882344BFF34F8FC5F85C4F2034A34263
:10E65C00FAD8BFF34F8FBFF36F8F03203146FFF70C
:10E66C0093FF4FF40033C5F80C31F8BD8000202027
:10E67C00601B0020B4530020244B2DE9F0411C8872
:10E68C004368C569C3F30E43E41A002C24DD20490A
:10E69C0020480A780078D3B21F4E82421F4807D018
:10E6AC0010F8038036F81870C7F50072944218D928
:10E6BC000133002226F81540082B194E88BF13464B
:10E6CC0026F8152098BFDAB2C554164B0A701A6892
:10E6DC0014441C60BDE8F0812846BDE8F041FFF70A
:10E6EC009BBF07EB4820104922462744084401EB06
:10E6FC004521FFF7E9F80B4A284626F818701368ED
:10E70C002344BDE8F0411360FFF786BFB4530020EB
:10E71C00C5530020C6530020EC5200200C5300209F
:10E72C00FC520020E8520020800020201D4B1A785B
:10E73C00002A36D102F0FF031B4A12788AB32DE966
:10E74C00F0411A4D2A8852B3194EC2F50068194F80
:10E75C003278194C07EB421704EBC2244246384678
:10E76C002146FFF7E5FE04EB0802BFF34F8F4FF095
:10E77C00E023C3F8704F2034A242FAD8BFF34F8F76
:10E78C00BFF36F8F04203946FFF7EAFE337801336D
:10E79C00DBB2032B88BF0023337000232B80BDE832
:10E7AC00F0817047CA530020CC530020B653002090
:10E7BC00C9530020601C0020801020202DE9F04F50
:10E7CC0085B0CDE90110002900F0BF800023604C1A
:10E7DC00DFF89881DFF898A15E4F009301235E4A21
:10E7EC0023705E4B1978B8F8003002EB4119002BFE
:10E7FC0040F0A7801E461D469B464846FFF7D2FEBA
:10E80C0010F0800000F08C80BFF34F8F9AF800302E
:10E81C0084F800B005B93E68002B7DD13B689B1B8A
:10E82C00782B00F287804E4B1B78002B74D000F0B5
:10E83C009DFA0122B8F8003015462270002BDCD06E
:10E84C00464AC3F5006011781A4600EBC120454DCD
:10E85C00C9022844019D954217D20393DDE9015169
:10E86C002A46FFF731F8039B4FF040425B1BA8F898
:10E87C0000303D4BC3F88420BFF34F8F009800232A
:10E88C002844237005B0BDE8F08F364BCD180299A3
:10E89C00FFF71AF800234FF4006229464846FFF7A9
:10E8AC0047FEBFF34F8F05F1200205F5006393423D
:10E8BC0034BF012340234FF0E02205EB4313C2F891
:10E8CC00705F2035AB42FAD1BFF34F8FBFF36F8F20
:10E8DC0004204946FFF744FE204A13780133DBB28B
:10E8EC00032B84BF00231D4A1370B8F80030019A23
:10E8FC00D11A009A1A4401910092029A1A440023E8
:10E90C000292194AA8F80030C2F88430BFF34F8F36
:10E91C00237000297FF462AF009805B0BDE8F08F3A
:10E92C004FF400620D4B8AF8000019781346A8F8D2
:10E93C0000208AE7012300988AF8003005B0BDE872
:10E94C00F08F1A46C3F500607FE70198E5E700BF3A
:10E95C00CA53002034530020601C0020C9530020EF
:10E96C00CC5300208010202000002E40B6530020F5
:10E97C00C8530020704700BF2D4B002180222D482A
:10E98C0070B51B7800242C4D8B422C4E0CBF4023B1
:10E99C004FF400732B80338000F07CFE284A214614
:10E9AC00284B14704FF4807227481C8000F072FEC4
:10E9BC00264A1021264B0220C2E90044C2E9024437
:10E9CC00244AC3E900441470234AC3E90244234B8C
:10E9DC001C70234614602246FFF778FD22463188CE
:10E9EC0003201F4BFFF740FD2346012229880420FA
:10E9FC00FFF76CFD20460134FFF70EFE082CF9D111
:10EA0C00184B00214A221848184C0460C3F8841093
:10EA1C00C3F88020D3F84821154942F08072C3F81E
:10EA2C00482121B1134A137843F00103137070BDD0
:10EA3C00CD530020601C0020B8530020B45300209C
:10EA4C00C9530020B6530020601B0020EC5200205C
:10EA5C00FC520020C5530020E8520020C653002071
:10EA6C00E9C4000000002E40A05300209DC500000A
:10EA7C0000000000CF5300202DE9F04F4FF0E023B1
:10EA8C004FF40032DFF8C8A083B0C3F88C218B465A
:10EA9C009AF8004000294FD08046E4B20027DFF8F6
:10EAAC00B490264BABEB070225491B78A34204F12B
:10EABC0001043FD0092C234B404628BF00241E5D87
:10EACC0039F816C00CEB462319441F4B33F816507B
:10EADC00A5EB0C05AA421CD20CEB462C18491B4C7E
:10EAEC0061440192FEF7F0FE216839F81650584641
:10EAFC00019AA1EB0B012A44394429F81620216014
:10EB0C004FF0E0234FF40032C3F80C2103B0BDE802
:10EB1C00F08F2A462F44FEF7D7FE0C49E3B230465D
:10EB2C000A68A844521B0A608AF80030FFF774FD8B
:10EB3C00BB45B6D83846E3E70846E1E7C5530020A5
:10EB4C00800020200C530020EC520020E8520020C2
:10EB5C00C6530020FC5200200B4B0C4A127819783B
:10EB6C00D3B28A420DD0013309480A4A092B0A490B
:10EB7C0028BF0023C35C31F8131002EB4323585C0D
:10EB8C0070474FF0FF307047C5530020C65300202C
:10EB9C000C53002080002020FC520020044B10B5A8
:10EBAC001C680CB1204610BD00F0E0F8204610BDEA
:10EBBC00E85200202DE9F84F144E154D33782A7881
:10EBCC00934221D0DCB2DFF85090DFF850B0DFF880
:10EBDC005080104F0134082C5FFA84FA01D90024BC
:10EBEC00A24619F80400DBF8003038F8102037F88A
:10EBFC001010521A9B1ACBF80030FFF70DFD86F857
:10EC0C0000A02B78A342E5D1BDE8F88FC6530020B5
:10EC1C00C5530020FC5200200C530020E852002069
:10EC2C00EC52002000B583B001210DF10700FFF775
:10EC3C0023FF20B19DF8070003B05DF804FB4FF0F3
:10EC4C00FF30F9E7094B00B583B01B788DF807004E
:10EC5C003BB101210DF10700FFF7B0FD03B05DF8EA
:10EC6C0004FB03F0FF0003B05DF804FBCC53002061
:10EC7C00044B1B7803F0FF020BB1FFF79FBD10464E
:10EC8C00704700BFCC5300202DE9F0410024DFF881
:10EC9C00448001230D4D27460D4E88F80030337803
:10ECAC0028462035A34204F1010405D0FFF77AFC75
:10ECBC00030658BF07F50067042CF0D1BFF34F8F44
:10ECCC000023384688F80030BDE8F081601C002035
:10ECDC00C9530020CA5300202DE9F8431D4B1B7863
:10ECEC0013B11D4D2A880AB9BDE8F8831B4EC2F535
:10ECFC0000691B4933784A461A4C01EB43181A4FEA
:10ED0C0004EBC324012340463B7021460023FFF74C
:10ED1C000FFC04EB0902BFF34F8F4FF0E023C3F855
:10ED2C00704F2034A242FAD8BFF34F8FBFF36F8FCE
:10ED3C0004204146FFF714FC33780133DBB2032B7C
:10ED4C0088BF0023337000232B80BFF34F8F3B70A1
:10ED5C00BDE8F883CC530020B6530020C9530020E3
:10ED6C00601C002080102020CA5300202DE9F8439D
:10ED7C002D4B1E7866B12D4F3B784BB90123F10713
:10ED8C003B7043D4B20726D400233B70730701D4E5
:10ED9C00BDE8F883264B1A68002AF9D0EFF30582F8
:10EDAC00002AF5D1EFF3108572B61868002834D01C
:10EDBC00204C2178002930D10122227042691A603E
:10EDCC00002A2ED0916105B962B60025836845777B
:10EDDC0098472570DCE7DFF8648098F80030002B4A
:10EDEC00D2D00025DFF858902B4659F82340013536
:10EDFC00236820461B69984710B163699B68984744
:10EE0C0098F80020EBB29A42EFD8BDE7FFF7C6FEA8
:10EE1C000028B7D0AFF30080B4E7002DB8D162B6AC
:10EE2C00B6E7054B1A60CEE7CF530020C153002044
:10EE3C0004220020BF53002010220020C0530020C9
:10EE4C001422002000230F2248F2B82C194610B5CA
:10EE5C004FF470444FF4806EA0F88C414FF4604432
:10EE6C00A0F88E210A46A0F89031B0F888319BB2F8
:10EE7C0043F0F003A0F8883101EB4103013100EBC2
:10EE8C00431304299C80A3F806E05A841A865A80FE
:10EE9C005A81A3F80EC05A82DA825A83DA83EBD1F4
:10EEAC00B0F888319BB243F00F03A0F88831B0F86A
:10EEBC0088319BB243F47063A0F8883110BD00BF59
:10EECC00374B384A996F384841F47F0170B59967D0
:10EEDC0041F20106D3F8801045F6C05543F22604E2
:10EEEC000A43C3F88020FFF7ADFF00F58040FFF721
:10EEFC00A9FF00F58040FFF7A5FF00F58040FFF764
:10EF0C00A1FF0022A0F503104FF00F0E114600EBED
:10EF1C0042134FEA421C01329981042A5981A3F809
:10EF2C000EE09E82DD8020F80C1019829C81EED1BF
:10EF3C0000221E484FF00F0E41F20106114645F615
:10EF4C00C05543F2260400EB42134FEA421C013237
:10EF5C009981042A5981A3F80EE09E82DD8020F865
:10EF6C000C1019829C81EED1002211480F2641F21F
:10EF7C000105114645F6C05443F2260E00EB421330
:10EF8C004FEA421C01329981042A5981DE819D820B
:10EF9C00DC8020F80C101982A3F80CE0EED170BDC7
:10EFAC0000C00F40000003FC00C03D4000001E40AC
:10EFBC0000401E4008B5D0E900325BB1BAB10F4B2E
:10EFCC00A3FB0213DB0803EB4303B2EB83030AD16D
:10EFDC00012008BD094BA3FB0213DB0803EB430321
:10EFEC00B2EB830301D0D21A4260F02AF0D800F0C1
:10EFFC00FBFB1C22034600201A6008BDABAAAAAA80
:10F00C0070B5044638B319B1B2FA82F67609A2B9D2
:10F01C00206800B36268F2B1184B194902FB03F384
:10F02C00B1EBB30F17D3A368E3B90022012322601D
:10F03C006260A260E260184670BD1D46049BC0E988
:10F04C000012C360FFF7B6FF03460028F3D06DB97A
:10F05C000123184670BD00F0C7FB16220023026086
:10F06C00184670BD002100F015FBDEE762683146E2
:10F07C002068A56000F00EFB0123DCE7ABAAAAAA6E
:10F08C005555551503460846194600F0CDBA00BF34
:10F09C00024B0146186800F00BB800BF6016002048
:10F0AC00024B0146186800F0D5BC00BF601600206A
:10F0BC002DE9F04F01F10B06162E83B0044624D82F
:10F0CC00102900F2BA8000F0A3FA102618220220B0
:10F0DC00B54F3A44A2F1080153688B4200F0BA8054
:10F0EC005A68D96822F003021A449D68E9608D6061
:10F0FC00516841F001012046516003F1080500F010
:10F10C008DFA284603B0BDE8F08F36F0070600F103
:10F11C009480B14200F2918000F07AFAB6F5FC7F4F
:10F12C00C0F09A81730A00F08F80042B00F26F817B
:10F13C00B30903F1390003F1380CC3009A4F3B4477
:10F14C00A3F108055B689D4206D10CE0002980F212
:10F15C002781DB689D4206D05A6822F00302911B7E
:10F16C000F29F3DD60463D69DFF850C265457CD060
:10F17C006A6822F00302931B0F2B00F37B81002B98
:10F18C00C7E904CC80F26C81B2F5007F80F01A8163
:10F19C00D308796801334FEA521E012202FA0EF2AB
:10F1AC000A4357F833E0C5F808E007EBC301083908
:10F1BC00E9607A6047F83350CEF80C508310012187
:10F1CC009940914257D8114206D120F003004900D2
:10F1DC00114200F10400FAD007EBC0094D468646F7
:10F1EC00D5F80C80454508D11DE1002B80F2248117
:10F1FC00D8F80C80454500F01681D8F8042022F090
:10F20C000302931B0F2BF0DD2046D8E9025408EBC8
:10F21C00060146F00106C8F80460EC60A56043F0F6
:10F22C000104C7E90411C1E902CC4C6048F8023072
:10F23C0000F0F4F908F1080502E00C232360002526
:10F24C00284603B0BDE8F08F4FF4007340204FF018
:10F25C003F0C73E7D3689A4208BF02307FF440AF8B
:10F26C003D69DFF858C1654582D17A688310012168
:10F27C0099409142A7D9BD686B6823F003094E45AC
:10F28C0003D8A9EB06030F2B7ADCDFF834B1474B1C
:10F29C00DBF800201B680132334405EB090A00F04F
:10F2AC00338103F580530F3323F47F6828F00F0864
:10F2BC004146204600F086FA411C024600F0F380DD
:10F2CC00824500F2EE803A4B1968414419600846B9
:10F2DC0000F04E81DBF80010019301311BBFA2EB53
:10F2EC000A010918CBF80020196012F0070B00F086
:10F2FC001781CBF108010A44CBF5805190440831B9
:10F30C00A1EB0801C1F30B0A51462046009200F014
:10F31C0059FA421CDDE9002300F04F81801A00EB02
:10F32C000A081968BA6048F001005144BD425060A7
:10F33C00196000F02981B9F10F0F40F2278168683C
:10F34C00A9F10C0C2CF0070C00F0010040EA0C00A9
:10F35C0068604FF0050E05EB0C00BCF10F0FC0E917
:10F36C0001EE00F2328150681546124B1A688A423F
:10F37C0038BF1960104B1A688A4238BF196094E084
:10F38C00AA1943F0010346F001066E602046BA60EC
:10F39C00536000F043F90835284603B0BDE8F08F00
:10F3AC00D9681A44A1E600BF501200201424002092
:10F3BC00E42300200C2400201024002058120020EC
:10F3CC0058160020B2F5206F4FEA522363D3142B4A
:10F3DC0000F2B78003F15C01C9005B3307EB010E4F
:10F3EC007958AEF1080E8E4500F091804B6823F0F1
:10F3FC000303934202D989688E45F7D1D1F80CE00A
:10F40C007A68C5E9021ECEF80850CD60D6E6142BFA
:10F41C0059D9542B00F29D80330B03F16F0003F18B
:10F42C006E0CC3008AE60EF1010E1EF0030F05F1FF
:10F43C0008057FF4D5AE51E0424445465368D8F8F0
:10F44C000C1043F00103536055F8083F2046D96077
:10F45C008B6000F0E3F8F3E6F00806F1080237E6FB
:10F46C002A442046536843F001035360083500F0EA
:10F47C00D5F8E5E6A919204646F0010643F001044B
:10F48C006E60C7E90411C1E902CC4C60AB5000F0CE
:10F49C00C5F80835D4E6930903F13901C9003833AE
:10F4AC009CE7BD425FD0BD68686820F00308464504
:10F4BC00A8EB060302D80F2B3FF762AF204600F0F3
:10F4CC00ADF80025BCE603F15C0003F15B0CC30056
:10F4DC0034E659F808394B4540F0968010F0030F8C
:10F4EC0000F1FF30F5D17B6823EA01037B60490012
:10F4FC0099423FF6C0AE19B9BDE649000EF1040EB3
:10F50C001942FAD0704667E603F11008D0E69A105B
:10F51C004FF001087B6808FA02F21A437A6070E730
:10F52C0002EB08014942C1F30B0A514620460092F6
:10F53C0000F048F9431CDDE900237FF4EFAEDA4616
:10F54C00EFE6542B25D8130B03F16F01C9006E3372
:10F55C0044E7B3F5AA7F25D8F30B03F1780003F148
:10F56C00770CC300EAE5294B186840441860B1E6F3
:10F57C00CAF30B0CBCF1000F7FF4ACAEBD68C844F1
:10F58C0048F001006860F0E61546EEE60123536092
:10F59C0094E7B3F5AA7F23D8D30B03F17801C90004
:10F5AC0077331BE740F25452934223D8B30C03F148
:10F5BC007D0003F17C0CC300C0E5ABF1080BD84413
:10F5CC00A8EB02084FF0000AABE605F10801204653
:10F5DC00009300F03FFABD68009B68681968C4E6A8
:10F5EC0040F254518B420BD8930C03F17D01C900AE
:10F5FC007C33F3E64FF47E737F204FF07E0C9DE559
:10F60C004FF47E717E23E9E67B6870E7E4230020EB
:10F61C00014800F013B900BFE0230020014800F0BE
:10F62C000FB900BFE023002013460A460146022012
:10F63C0000F07CB9032A70B514D940EA01039B078A
:10F64C0022D104460B46194620460E680568B54281
:10F65C0004F1040403F1040316D1043A032A2046EE
:10F66C001946F0D8541E9AB1421E013901E0C31854
:10F67C000CD012F801EF11F801CFE645A4EB020310
:10F68C00F5D0AEEB0C0070BD541EEDE7184670BD06
:10F69C00104670BD830730B548D0541E002A3FD0A9
:10F6AC00CAB2034601E0013C3AD303F8012B9D0793
:10F6BC00F9D1032C2DD9CDB245EA05250F2C45EAFD
:10F6CC00054536D9A4F1100222F00F0C03F1200EDF
:10F6DC00E6444FEA121C03F1100242E9045542E9D8
:10F6EC00025510327245F8D10CF1010214F00C0FD6
:10F6FC0003EB021204F00F0C13D0ACF1040323F053
:10F70C0003030433134442F8045B9342FBD10CF023
:10F71C0003042CB1C9B21C4403F8011B9C42FBD15D
:10F72C0030BD64461346002CF4D1F9E70346144669
:10F73C00BFE71A46A446E0E7002A3ED040EA0103A0
:10F74C009B0730B584462FD1032A2DD90B4608E0F0
:10F75C00043A8446194625D01EF0803F22D1032A54
:10F76C0022D90468194653F8045BA4F1013EAC425B
:10F77C0084462EEA040E00F10400E9D09CF8000047
:10F78C000C78A0421BD1E64668B11EF8010F11F8A7
:10F79C00014FA2EB0E03A04203F1FF330FD11CEB80
:10F7AC000303F1D1002030BD9CF800000C7884429A
:10F7BC0005D1012AF6D0E646E6E710467047001B55
:10F7CC0030BD00BF38B5074D0022044608462A60FC
:10F7DC00FEF722FA431C00D038BD2B68002BFBD05F
:10F7EC00236038BDB0520020014B1868704700BF31
:10F7FC006016002070B50D4E0D4D761BB61006D060
:10F80C00002455F8043B01349847A642F9D1094E1F
:10F81C00094D761B00F028FAB61006D0002455F8D6
:10F82C00043B01349847A642F9D170BD801E00609C
:10F83C00801E0060941E0060801E0060704700BF38
:10F84C00704700BF00000000000000000000000036
:10F85C0090F800F06DE9024520F007016FF0000C04
:10F86C0010F0070491F820F040F049804FF00004AC
:10F87C006FF00700D1E9002391F840F000F1080087
:10F88C0082FA4CF2A4FA8CF283FA4CF3A2FA8CF3BF
:10F89C004BBBD1E9022382FA4CF200F10800A4FA26
:10F8AC008CF283FA4CF3A2FA8CF3E3B9D1E904237A
:10F8BC0082FA4CF200F10800A4FA8CF283FA4CF3B1
:10F8CC00A2FA8CF37BB9D1E9062301F1200182FA6B
:10F8DC004CF200F10800A4FA8CF283FA4CF3A2FA71
:10F8EC008CF3002BC6D0002A04BF04301A4612BA7F
:10F8FC00B2FA82F2FDE8024500EBD2007047D1E982
:10F90C00002304F00305C4F100004FEAC50514F010
:10F91C00040F91F840F00CFA05F562EA05021CBFE1
:10F92C0063EA050362464FF00004A9E72DE9F047AE
:10F93C00DFF87CA00646DAF8000098460F469146A0
:10F94C00FFF77CFF184B1C6824B365681F2D24DC63
:10F95C005EB96B1C0235DAF80000636044F8257060
:10F96C00FFF76EFF0020BDE8F08704EB8501012353
:10F97C00C1F88890D4F88821AB401A43022EC4F801
:10F98C008821C1F80881E4D1D4F88C211A43C4F839
:10F99C008C21DEE7054C1C60D7E7DAF80000FFF796
:10F9AC004FFF4FF0FF30DEE7482200204C220020B2
:10F9BC0044120020F8B5244F0C460646FFF728FEEB
:10F9CC00BB685D68C4F57E610F3125F003054B19EA
:10F9DC0023F47F6323F00F03A3F58054B4F5805F09
:10F9EC0007DB00213046FFF7EDFEBB682B44984245
:10F9FC0004D03046FFF712FE0020F8BD61423046BD
:10FA0C00FFF7E0FE01300DD0104ABB682D1B45F00E
:10FA1C0001055D60136830461B1B1360FFF7FEFD8C
:10FA2C000120F8BD00213046FFF7CCFEBA68831ADE
:10FA3C000F2BDEDD43F001035360054B03491B68BC
:10FA4C00C01A0860D5E700BF50120020E423002044
:10FA5C0058160020002961D0F8B50C460646FFF771
:10FA6C00D7FD54F8042C7B4FA4F1080522F00101BA
:10FA7C0005EB010CB868DCF80430604523F0030397
:10FA8C0000F08B80D207CCF8043032D454F8082C18
:10FA9C00AD1A1144AA6807F1080082426AD00CEB37
:10FAAC000304D4F804E0EC68D4601EF0010FA260EB
:10FABC0000F0978041F001036B60CCF80010B1F5B9
:10FACC00007F35D27868CB080122490901338A407E
:10FADC00024357F833107A6007EBC302083AC5E9C2
:10FAEC00021247F83350CD603046BDE8F840FFF7BE
:10FAFC0095BD0CEB03025268D00710D4194407F1E2
:10FB0C000800DCF80830834273D0DCF80C20DA6093
:10FB1C00936041F001036B606950D0E7704741F08E
:10FB2C000103B1F5007F44F8043CCCF80010C9D3B4
:10FB3C00B1F5206F4FEA512348D28B0903F13900FC
:10FB4C0003F13802C300F818FB580838984259D012
:10FB5C005A6822F003028A4202D99B689842F7D174
:10FB6C00D868C5E902308560DD603046BDE8F840F4
:10FB7C00FFF754BD0CEB03025268D20763D40B445D
:10FB8C00DCE90212CA60916043F001026A603046FF
:10FB9C00EB50BDE8F840FFF741BD0B44D10707D44B
:10FBAC0054F8082CAD1A1344D5E90212CA609160BE
:10FBBC0043F001026A60284ABD6012689A4293D8E9
:10FBCC00264B30461968FFF7F5FE8DE7142B0AD942
:10FBDC00542B1FD80B0B03F16F0003F16E02C30003
:10FBEC00B1E719448DE703F15C0003F15B02C3003C
:10FBFC00A9E741F00103C7E90455C5E902006B60B0
:10FC0C00695071E779689210012404FA02F20A43F0
:10FC1C007A60A6E7B3F5AA7F06D8CB0B03F1780080
:10FC2C0003F17702C3008EE740F25452934206D898
:10FC3C008B0C03F17D0003F17C02C30083E74FF4CE
:10FC4C007E737E227FE741F001036B60CCF80010DD
:10FC5C004AE700BF501200205C160020142400203C
:10FC6C005FF800F0E11D00605FF800F0351E0060E9
:04FC7C00F8B500BF18
:08FC800010F4FF7F01000000F9
:10FC8800000000000000000000000000000000006C
:10FC9800000000000000000000000000000000005C
:10FCA800000000000000000000000000000000004C
:10FCB800000000000000000000000000000000003C
:10FCC800000000000000000000000000000000002C
:10FCD800000000000000000000000000000000001C
:10FCE800000000000000000000000000000000000C
:10FCF80000000000000000000000000000000000FC
:10FD080000000000000000000000000000000000EB
:10FD180000000000000000000000000000000000DB
:10FD280000000000000000000000000000000000CB
:10FD380000000000000000000000000000000000BB
:10FD480000000000000000000000000000000000AB
:10FD5800000000000000000000000000000000009B
:10FD6800000000000000000000000000000000008B
:10FD7800000000000000000000000000000000007B
:10FD8800000000000000000000000000000000006B
:10FD9800000000000000000000000000000000005B
:10FDA800000000000000000000000000000000004B
:10FDB800000000000000000000000000000000003B
:10FDC800000000000000000000000000000000002B
:10FDD800000000000000000000000000000000001B
:10FDE800000000000000000000000000000000000B
:10FDF80000000000000000000000000000000000FB
:10FE080000000000000000000000000000000000EA
:10FE180000000000000000000000000000000000DA
:10FE280000000000000000000000000000000000CA
:10FE380000000000000000000000000000000000BA
:10FE480000000000000000000000000000000000AA
:10FE5800000000000000000000000000000000009A
:10FE6800000000000000000000000000000000008A
:10FE7800000000000000000000000000000000007A
:10FE8800000000000000000000000000000000006A
:10FE9800000000000000000000000000000000005A
:10FEA800000000000000000000000000000000004A
:10FEB800000000000000000000000000000000003A
:10FEC800000000000000000000000000000000002A
:10FED800000000000000000000000000000000001A
:10FEE800000000000000000000000000000000000A
:10FEF80000000000000000000000000000000000FA
:10FF080000000101000101010102010102020102D8
:10FF180003010203020204020205020205030206AB
:10FF28000302070302070403070403070504070580
:10FF3800040706050706060706060707070707005A
:10FF48000400060008000A0009000B000000000079
:10FF58000000000000000008000000000000000091
:10FF68000000000054656D7065617261747572659A
:10FF7800733A0000696E76616C696420766F6C7400
:10FF880061676500426F6172642000004C6F737492
:10FF9800200000002053656E736F7273000000002C
:10FFA800696E76616C69642074656D7020426F615A
:10FFB80072643A20200000004E756D3A200000005F
:10FFC800566F6C74616765733A000000626F617206
:10FFD800643A200043414E206D6573736167652064
:10FFE80073656E740000000043414E206D657373A5
:08FFF8006167652054582046A2
:02000004600199
:1000000061696C6564000000FF00780180014302B3
:10001000880187018C018B01920191019501F60104
:10002000990198019A013D029E012002A801A701B1
:10003000AD01AC01B001AF01B901B801BD01BC0116
:10004000BF01F701C601C401C901C701CC01CA0142
:10005000DD018E01F301F101F501F4013A02652C95
:100060003C023B023E02662C4202410253028101E5
:10007000540286015602890157028A0159028F01F2
:100080005B02900160029301630294016802970190
:10009000690296016B02622C6F029C0172029D0143
:1000A00075029F017D02642C8002A6018302A901D2
:1000B0008802AE01890244028A02B1018B02B201B8
:1000C0008C0245029202B7017B03FD037C03FE0311
:1000D0007D03FF03AC038603C203A303CC038C039D
:1000E000CD038E03CE038F03F203F903F803F70366
:1000F000FB03FA03CF04C0047D1D632C511F591F5D
:10010000531F5B1F551F5D1F571F5F1F781FF81F71
:10011000791FF91FB31FBC1FCC1FC31FE51FEC1FA6
:10012000FC1FF31F4E21322184218321612C602C7E
:10013000762C752C6100E01AE000E017F800E0076B
:100140000001013032010106390101104A01012E7E
:100150007901010682010104A0010106B301010435
:10016000CD010110DE010112F80101282202011265
:100170004602010AAD03DB03B103E011C303E0094A
:10018000D80301183004E0205004B01060040122AC
:100190008A040136C104010ED00401446105D02651
:1001A000001E0196A01E015A001F0808101F080615
:1001B000201F0808301F0808401F0806601F080895
:1001C000701F4A02721F5604761F64027A1F700263
:1001D0007C1F7E02801F0808901F0808A01F0808C7
:1001E000B01F0802D01F0802E01F08027021F010A3
:1001F000D024E61A302CD02F672C0106802C016405
:10020000002D002641FFE01A4361726420697320CB
:10021000746F6F20736D616C6C2E0D0A000000000E
:10022000466F726D617420446F6E650D0A000000A8
:10023000466F726D6174204661696C65640D0A00D9
:1002400042616420636C757374657220636F756EB0
:10025000740D0A0044657669636520697320746FC4
:100260006F20736D616C6C0D0A0000005772697429
:10027000696E672046415420000000002E000000F7
:1002800057726974696E6720757063617365207455
:1002900061626C650D0A000057726974696E6720AF
:1002A000726F6F740D0A0000466F726D6174206486
:1002B0006F6E650D0A000000466F726D61742066F6
:1002C00061696C65640D0A004558464154000000A0
:1002D0006E616E00696E66006F76660061AE00004A
:1002E00065AE000069AE00006DAE00006CC00F404E
:1002F000C0000000504F0000712D00000CFF0000F6
:1003000013000000000000000000000024851F40D2
:100310000BFF0000130000000000000000000000C0
:1003200028851F400DFF00001300000000000000A2
:100330000000000020851F400A2524001300000053
:100340001200000012000000010203000000000083
:100350001C851F400000000000000000000000009D
:1003600000000000152300009D000000852900000A
:1003700055020000391B0000590200005D02000018
:100380000000000000000000390B0000250B0000F9
:1003900069000000FD090000790A0000290800003A
:1003A000B9070000000000000000000025820000E6
:1003B000318200002982000031830000A18A000000
:1003C000D18900002D8A0000CD880000AD84000096
:1003D000E18E000041820000B5810000718B0000B9
:1003E000A1810000A5810000AD810000B181000065
:1003F000C5840000018D0000898C0000E1870000A9
:1004000099810000A9810000E18D0000098B0000A6
:10041000A582000000000000000000002DAF0000D9
:1004200081C400007DC4000079C4000075C40000D0
:100430009DB10000A1B1000071C4000000000000E7
:10044000000000007D0600006D0B00006900000048
:10045000550600009D050000FD0500007105000027
:10046000050D0000AD0D00000000000000000000C0
:10047000390B0000250B000069000000FD09000099
:10048000790A000029080000B907000000000000F8
:1004900000000000B10B00002D0C0000110800004E
:1004A000110B0000C50A0000D1070000110A00006E
:1004B000B9030000750C0000D1060000ED06000035
:1004C000610200008900000069030000E9070000E4
:1004D0000907000049040000010500009104000024
:1004E000250A0000F50300000000000000000000E5
:1004F000BDBA0000B5AF0000690000006D0000004B
:10050000BDBA0000BDBA0000BDBA00000000000086
:100510000000000019020000390200000000000085
:1005200000000000D5300000E5320000A9320000D4
:10053000F1310000553200009D3100001D330000F4
:100540000D34000049340000253500000000000093
:1005500000000000C1900000C5900000318F000035
:10056000B5940000FDA000007D9A0000E177000036
:10057000F1900000CDA000000DA20000059B00003E
:100580003970000025980000519000005D90000037
:10059000258F0000298F00002D8F0000699000003A
:1005A0008D900000B190000031950000D5900000C2
:1005B000099300007D95000051960000D8399D27D1
:1005C0000054EA2A00A4781F007B9A17000000421A
:1005D000C8801F40B8821F40080000000000004291
:1005E000C4801F40B4821F400400000000C00042CD
:1005F00024801F4014821F401000000000C00042F1
:1006000028801F4018821F402000000000C00042C8
:100610002C801F401C821F404000000000C0004290
:1006200034801F4024821F4000010000004000422F
:1006300064811F4054831F400004000000400042BA
:1006400080811F4070831F40000002000040004274
:100650007C811F406C831F4000000100004000426D
:1006600068811F4058831F4000080000004000427E
:100670003C811F402C831F400100000000400042CD
:1006800044811F4034831F400400000000400042AA
:1006900040811F4030831F400200000000400042A4
:1006A00048811F4038831F400800000000000042BE
:1006B00004811F40F4821F4000000400000000423B
:1006C00008811F40F8821F4000000800000000421F
:1006D00018811F4008831F40000080000000004276
:1006E00014811F4004831F400000400000000042AE
:1006F00000811F40F0821F40000002000000004205
:10070000FC801F40EC821F400000010000000042FE
:1007100024811F4014831F40000000040000004299
:1007200028811F4018831F4000000008000000427D
:100730001C811F400C831F4000000001000000428C
:1007400020811F4010831F40000000020000004273
:10075000EC801F40DC821F400010000000000042BF
:10076000F0801F40E0821F40002000000000004297
:1007700034811F4024831F400000004000000042DD
:1007800038811F4028831F40000000800080004205
:1007900094801F4084821F400000040000C000427B
:1007A00090801F4080821F40000000800080004237
:1007B000A8801F4098821F400000800000800042F7
:1007C000A4801F4094821F4000004000004000426F
:1007D0006C811F405C831F400010000000C000427D
:1007E00030801F4020821F408000000000400042F7
:1007F000B0811F40A0831F40000000200040004245
:10080000AC811F409C831F4000000010004000424C
:1008100084811F4074831F40000004000040004298
:1008200088811F4078831F400000080000000042BC
:100830002C811F401C831F4000000010000000425C
:1008400030811F4020831F40000000200000004234
:100850000C811F40FC821F4000001000000000427D
:1008600010811F4000831F400000200000800042D4
:10087000C8811F40B8831F400080000000800042F4
:10088000C4811F40B4831F4000400000008000422C
:10089000C0811F40B0831F40002000000080004244
:1008A000BC811F40AC831F4000100000008000424C
:1008B000D0811F40C0831F40000002000080004222
:1008C000CC811F40BC831F400000010000C00042DB
:1008D00074801F4064821F400000000100C000427D
:1008E00080801F4070821F400000000800C000424E
:1008F00084801F4074821F400000001000C000422E
:100900006C801F405C821F400000400000C000421D
:100910007C801F406C821F400000000400C0004229
:1009200078801F4068821F400000000200C0004223
:1009300088801F4078821F400000002007080C0BB1
:1009400006050F000D0E0102838407080C0B060537
:100950000F000D0E01028384FFFFFFFFFFFFFFFF6B
:10096000FFFF8182090A0000737461727475700060
:1009700000010000781600201200000000060000B0
:10098000902100600A000000000200002C2100609D
:100990006200000000070000C82000606200000044
:1009A000EE030000BC16002012000000000004EE60
:1009B000941600202800000000030000C4200060FE
:1009C0000000000001030904AC20006000000000EA
:1009D00002030904942000600000000003030904DE
:1009E000D016002000000000000000000000000001
:1009F000000000000000000000000000182400209B
:100A000080240020E82400200000000000000000F6
:100A100000000000000000000000000000000000D6
:100A200000000000000000000000000000000000C6
:100A300000000000000000000000000000000000B6
:100A400000000000000000000000000000000000A6
:100A50000000000000000000000000000000000096
:100A60000000000000000000000000000000000086
:100A70000000000000000000000000000000000076
:100A80000000000000000000000000000000000066
:100A900001000000000000000E33CDAB34126DE603
:100AA000ECDE05000B00000000000000000000006C
:100AB0000000000000000000000000000000000036
:100AC0000000000000000000000000000000000026
:100AD0000000000000000000000000000000000016
:100AE0000000000000000000000000000000000006
:100AF00000000000000000000000000000000000F6
:100B000000000000000000000000000000000000E5
:100B10000000000000000000000000008000000055
:100B20000029DE07007B9A174310D5484768C8485C
:100B30000A99BC486D92B148A545A74818A59D489B
:100B400046A49448AD378C48B55484483AE3794874
:100B5000C80A6C48770F5F48F6E152481974474855
:100B6000CAB83C48EEA33248502A2948914120484F
:100B700014E01748EFFC0F48DF8F08483791014811
:100B8000B1F3F5474A86E947ECCDDD4724BFD247AC
:100B90004D4FC8477F74BE477C25B547AA59AC471F
:100BA0000409A4470E2C9C47CCBB9447B8B18D4791
:100BB000BD07874729B88047527B754788266A4713
:100BC000A4685F47EE3855473B8F4B47E463424785
:100BD000C0AF3947126C31478F9229474D1D2247CC
:100BE000BB061B47A44914471FE10D4792C807479E
:100BF000A6FB01479FECF8466169EE466666E4464F
:100C0000E1DCDA4671C6D1460A1DC94600DBC046A2
:100C1000F6FAB846E177B146054DAA46D775A34620
:100C20001FEE9C46D7B196463DBD9046B80C8B460C
:100C3000EC9C85469F6A8046A4E5764652656D46E3
:100C4000CD4E64460A9D5B46294B53468F544B4616
:100C5000E1B443460A683C46146A354652B72E460C
:100C6000484C28468525224600401C46A498164636
:100C70009A2C11463DF90B46E1FB06462932024605
:100C80007133FB45B860F245ECE7E94533C5E14512
:100C90008FF4D9458F72D245AE3BCB45B84CC44595
:100CA00066A2BD45EC39B7456610B1453323AB4567
:100CB0009A6FA54548F39F45ECAB9A4548979545F3
:100CC0001FB390459AFD8B45A47487458F168345C5
:100CD000E1C27D4533A7754533D76D45854F6645E0
:100CE000710D5F45EC0D58458F4E5145A4CC4A45DA
:100CF000C385444585773E45AE9F384552FC324515
:100D0000338B2D45664A2845003823453D521E4504
:100D100085971945EC051545529C1045A4580C457E
:100D2000EC3908458F3E0445486500459A59F94419
:100D3000AE27F2448F32EB44AE77E444C3F5DD4492
:100D40009AA9D7443D92D1441FADCB44A4F8C544E1
:100D50003373C0448F1ABB44C3EDB544E1EAB044D9
:100D6000A410AC44715DA744AECFA244B8669E44C3
:100D7000A4209A4429FC9544F6F89144CD148E445D
:100D8000AE4F8A44AEA78644291C8344AE577F44A5
:100D9000CDAC78441F357244B8EE6B4452D86544EC
:100DA00000F05F447B345A447BA45444143E4F44C7
:100DB000A4004A449AE9444452F83F44292C3B4455
:100DC00033833644CDFC31440A972D44485129449D
:100DD000E12A25448F2221440A371D4452681944D0
:100DE0007BB41544E11A1244859B0E447B340B44BA
:100DF0001FE5074471AD0444CD8C01448F02FD43CF
:100E00000A17F7433353F14352B8EB43D743E64352
:100E10007BF4E0433DCADB438FC2D64371DDD1434F
:100E20005218CD437B74C8435CEFC343F688BF437D
:100E30000040BB433313B7434801B343850BAF4373
:100E40005C2FAB43CD6CA7438FC2A3435C2FA04361
:100E50007BB49C43A450994348019643AEC7924348
:100E60006666864000003A406406002000000000EC
:100E70000000000000000000000000000000000072
:100E80000000000000000000000000000000000062
:100E90000000000000000000000000000000000052
:100EA0000000000000000000000000000000000042
:100EB000000000009407002000000000E80300008C
:100EC0000000000000002040FFFFFFFFDC230020A7
:100ED0008030202000000000000000000000000022
:100EE00050120020501200205812002058120020EA
:100EF000601200206012002068120020681200209A
:100F00007012002070120020781200207812002049
:100F100080120020801200208812002088120020F9
:100F200090120020901200209812002098120020A9
:100F3000A0120020A0120020A8120020A812002059
:100F4000B0120020B0120020B8120020B812002009
:100F5000C0120020C0120020C8120020C8120020B9
:100F6000D0120020D0120020D8120020D812002069
:100F7000E0120020E0120020E8120020E812002019
:100F8000F0120020F0120020F8120020F8120020C9
:100F90000013002000130020081300200813002075
:100FA0001013002010130020181300201813002025
:100FB00020130020201300202813002028130020D5
:100FC0003013002030130020381300203813002085
:100FD0004013002040130020481300204813002035
:100FE00050130020501300205813002058130020E5
:100FF0006013002060130020681300206813002095
:101000007013002070130020781300207813002044
:1010100080130020801300208813002088130020F4
:1010200090130020901300209813002098130020A4
:10103000A0130020A0130020A8130020A813002054
:10104000B0130020B0130020B8130020B813002004
:10105000C0130020C0130020C8130020C8130020B4
:10106000D0130020D0130020D8130020D813002064
:10107000E0130020E0130020E8130020E813002014
:10108000F0130020F0130020F8130020F8130020C4
:101090000014002000140020081400200814002070
:1010A0001014002010140020181400201814002020
:1010B00020140020201400202814002028140020D0
:1010C0003014002030140020381400203814002080
:1010D0004014002040140020481400204814002030
:1010E00050140020501400205814002058140020E0
:1010F0006014002060140020681400206814002090
:10110000701400207014002078140020781400203F
:1011100080140020801400208814002088140020EF
:10112000901400209014002098140020981400209F
:10113000A0140020A0140020A8140020A81400204F
:10114000B0140020B0140020B8140020B8140020FF
:10115000C0140020C0140020C8140020C8140020AF
:10116000D0140020D0140020D8140020D81400205F
:10117000E0140020E0140020E8140020E81400200F
:10118000F0140020F0140020F8140020F8140020BF
:10119000001500200015002008150020081500206B
:1011A000101500201015002018150020181500201B
:1011B00020150020201500202815002028150020CB
:1011C000301500203015002038150020381500207B
:1011D000401500204015002048150020481500202B
:1011E00050150020501500205815002058150020DB
:1011F000601500206015002068150020681500208B
:10120000701500207015002078150020781500203A
:1012100080150020801500208815002088150020EA
:10122000901500209015002098150020981500209A
:10123000A0150020A0150020A8150020A81500204A
:10124000B0150020B0150020B8150020B8150020FA
:10125000C0150020C0150020C8150020C8150020AA
:10126000D0150020D0150020D8150020D81500205A
:10127000E0150020E0150020E8150020E81500200A
:10128000F0150020F0150020F8150020F8150020BA
:101290000016002000160020081600200816002066
:1012A0001016002010160020181600201816002016
:1012B00020160020201600202816002028160020C6
:1012C0003016002030160020381600203816002076
:1012D0004016002040160020481600204816002026
:1012E000FFFFFFFF00000200700D00200000000063
:1012F0008000000000000000FFFFFFFF0000000072
:1013000012010002EF020140C016830480020102B4
:101310000301000000000000800000002800000021
:101320000001040001000000000000000201574914
:101330004E55534200000000000000000000000075
:101340000000000012034D0053004600540031001D
:1013500030003000F80000000C0300000000000026
:10136000000000000000000000000000000000007D
:10137000000000008000000000000000800000006D
:1013800004004C02290100000000000000000000E1
:10139000000000000000000000000000000000004D
:1013A000000000000000000000000000000000003D
:1013B000000000000000000000000000000000002D
:1013C000000000000000000000000000000000001D
:1013D000000000000000000000000000000000000D
:1013E00000000000000000000000000000000000FD
:1013F00000000000000000000000000000000000ED
:1014000000000000000000000000000000000000DC
:1014100000000000000000000000000000000000CC
:1014200000000000000000000000000000000000BC
:1014300000000000000000000000000000000000AC
:10144000000000000000000000000000000000009C
:10145000000000000000000000000000000000008C
:10146000000000000000000000000000000000007C
:10147000000000000000000000000000000000006C
:10148000000000000000000000000000000000005C
:10149000000000000000000000000000000000004C
:1014A000000000000000000000000000000000003C
:1014B000000000000000000000000000000000002C
:1014C000000000000000000000000000000000001C
:1014D000000000000000000000000000000000000C
:1014E00000000000000000000000000000000000FC
:1014F00000000000000000000000000000000000EC
:1015000000000000000000000000000000000000DB
:1015100000000000000000000000000000000000CB
:1015200000000000000000000000000000000000BB
:1015300000000000000000000000000000000000AB
:10154000000000000000000000000000000000009B
:10155000000000000000000000000000000000008B
:10156000000000000000000000000000000000007B
:10157000000000000000000000000000000000006B
:10158000000000000000000000000000000000005B
:10159000000000000000000000000000000000004B
:1015A000000000000000000000000000000000003B
:1015B000000000000000000000000000000000002B
:1015C000000000000000000000000000000000001B
:1015D000000000000000000000000000000000000B
:1015E00000000000000000000000000000000000FB
:1015F00000000000000000000000000000000000EB
:1016000000000000000000000000000000000000DA
:1016100000000000000000000000000000000000CA
:1016200000000000000000000000000000000000BA
:1016300000000000000000000000000000000000AA
:10164000000000000000000000000000000000009A
:10165000000000000000000000000000000000008A
:10166000000000000000000000000000000000007A
:10167000000000000000000000000000000000006A
:10168000000000000000000000000000000000005A
:10169000000000000000000000000000000000004A
:1016A000000000000000000000000000000000003A
:1016B000000000000000000000000000000000002A
:1016C000000000000000000000000000000000001A
:1016D000000000000000000000000000000000000A
:1016E00000000000000000000000000000000000FA
:1016F00000000000000000000000000000000000EA
:1017000000000000000000000000000000000000D9
:1017100000000000000000000000000000000000C9
:1017200000000000000000000000000000000000B9
:1017300000000000000000000000000000000000A9
:081740000000000000000000A1
:10174800FFFFFFFFFFFFFFFFFFFFFFFFFFFFFFFFA1
:10175800FFFFFFFFFFFFFFFFFFFFFFFFFFFFFFFF91
:10176800FFFFFFFFFFFFFFFFFFFFFFFFFFFFFFFF81
:10177800FFFFFFFFFFFFFFFFFFFFFFFFFFFFFFFF71
:10178800FFFFFFFFFFFFFFFFFFFFFFFFFFFFFFFF61
:10179800FFFFFFFFFFFFFFFFFFFFFFFFFFFFFFFF51
:1017A800FFFFFFFFFFFFFFFFFFFFFFFFFFFFFFFF41
:1017B800FFFFFFFFFFFFFFFFFFFFFFFFFFFFFFFF31
:1017C800FFFFFFFFFFFFFFFFFFFFFFFFFFFFFFFF21
:1017D800FFFFFFFFFFFFFFFFFFFFFFFFFFFFFFFF11
:1017E800FFFFFFFFFFFFFFFFFFFFFFFFFFFFFFFF01
:1017F800FFFFFFFFFFFFFFFF0000000000000000E9
:1018080000000000000000000000000000000000D0
:1018180000000000000000000000000000000000C0
:1018280000000000000000000000000000000000B0
:1018380000000000000000000000000000000000A0
:101848000000000000000000000000000000000090
:101858000000000000000000000000000000000080
:101868000000000000000000000000000000000070
:101878000000000000000000000000000000000060
:101888000000000000000000000000000000000050
:101898000000000000000000000000000000000040
:1018A8000000000000000000000000000000000030
:1018B8000000000000000000000000000000000020
:1018C8000000000000000000000000000000000010
:1018D8000000000000000000000000000000000000
:1018E80000000000000000000000000000000000F0
:1018F80000000000000000000000000000000000E0
:1019080000000000000000000000000000000000CF
:1019180000000000000000000000000000000000BF
:1019280000000000000000000000000000000000AF
:10193800000000000000000000000000000000009F
:10194800000000000000000000000000000000008F
:10195800000000000000000000000000000000007F
:10196800000000000000000000000000000000006F
:10197800000000000000000000000000000000005F
:10198800000000000000000000000000000000004F
:10199800000000000000000000000000000000003F
:1019A800000000000000000000000000000000002F
:1019B800000000000000000000000000000000001F
:1019C800000000000000000000000000000000000F
:1019D80000000000000000000000000000000000FF
:1019E80000000000000000000000000000000000EF
:1019F80000000000000000000000000000000000DF
:101A080000000000000000000000000000000000CE
:101A180000000000000000000000000000000000BE
:101A280000000000000000000000000000000000AE
:101A3800000000000000000000000000000000009E
:101A4800000000000000000000000000000000008E
:101A5800000000000000000000000000000000007E
:101A6800000000000000000000000000000000006E
:101A7800000000000000000000000000000000005E
:101A8800000000000000000000000000000000004E
:101A9800000000000000000000000000000000003E
:101AA800000000000000000000000000000000002E
:101AB800000000000000000000000000000000001E
:101AC800000000000000000000000000000000000E
:101AD80000000000000000000000000000000000FE
:101AE80000000000000000000000000000000000EE
:101AF80000000000000000000000000000000000DE
:101B080000000000000000000000000000000000CD
:101B180000000000000000000000000000000000BD
:101B280000000000000000000000000000000000AD
:101B3800000000000000000000000000000000009D
:101B4800000000000000000000000000000000008D
:101B5800000000000000000000000000000000007D
:101B6800000000000000000000000000000000006D
:101B7800000000000000000000000000000000005D
:101B8800000000000000000000000000000000004D
:101B9800000000000000000000000000000000003D
:101BA800000000000000000000000000000000002D
:101BB800000000000000000000000000000000001D
:101BC800000000000000000000000000000000000D
:101BD80000000000000000000000000000000000FD
:101BE80000000000000000000000000000000000ED
:101BF80000000000000000000000000000000000DD
:101C080000000000000000000000000000000000CC
:101C180000000000000000000000000000000000BC
:101C280000000000000000000000000000000000AC
:101C3800000000000000000000000000000000009C
:101C4800000000000000000000000000000000008C
:101C5800000000000000000000000000000000007C
:101C6800000000000000000000000000000000006C
:101C7800000000000000000000000000000000005C
:101C8800000000000000000000000000000000004C
:101C9800000000000000000000000000000000003C
:101CA800000000000000000000000000000000002C
:101CB800000000000000000000000000000000001C
:101CC800000000000000000000000000000000000C
:101CD80000000000000000000000000000000000FC
:101CE80000000000000000000000000000000000EC
:101CF80000000000000000000000000000000000DC
:101D080000000000000000000000000000000000CB
:101D180000000000000000000000000000000000BB
:101D280000000000000000000000000000000000AB
:101D3800000000000000000000000000000000009B
:101D4800000000000000000000000000000000008B
:101D5800000000000000000000000000000000007B
:101D6800000000000000000000000000000000006B
:101D7800000000000000000000000000000000005B
:101D8800000000000000000000000000000000004B
:101D9800000000000000000000000000000000003B
:101DA800000000000000000000000000000000002B
:101DB800000000000000000000000000000000001B
:101DC800000000000000000000000000000000000B
:101DD80000000000000000000000000000000000FB
:101DE80000000000000000000000000000000000EB
:101DF80000000000000000000000000000000000DB
:101E080000000000000000000000000000000000CA
:101E180000000000000000000000000000000000BA
:101E280000000000000000000000000000000000AA
:101E3800000000000000000000000000000000009A
:101E4800000000000000000000000000000000008A
:101E5800000000000000000000000000000000007A
:101E6800000000000000000000000000000000006A
:101E7800000000000000000000000000000000005A
:101E8800000000000000000000000000000000004A
:101E9800000000000000000000000000000000003A
:101EA800000000000000000000000000000000002A
:101EB800000000000000000000000000000000001A
:101EC800000000000000000000000000000000000A
:101ED80000000000000000000000000000000000FA
:101EE80000000000000000000000000000000000EA
:101EF80000000000000000000000000000000000DA
:101F080000000000000000000000000000000000C9
:101F180000000000000000000000000000000000B9
:101F280000000000000000000000000000000000A9
:101F38000000000000000000000000000000000099
:101F48000000000000000000000000000000000089
:101F58000000000000000000000000000000000079
:101F68000000000000000000000000000000000069
:101F78000000000000000000000000000000000059
:101F88000000000000000000000000000000000049
:101F98000000000000000000000000000000000039
:101FA8000000000000000000000000000000000029
:101FB8000000000000000000000000000000000019
:101FC8000000000000000000000000000000000009
:101FD80000000000000000000000000000000000F9
:101FE80000000000000000000000000000000000E9
:101FF80000000000000000000000000000000000D9
:1020080000000000000000000000000000000000C8
:1020180000000000000000000000000000000000B8
:1020280000000000000000000000000000000000A8
:102038000000000000000000000000000000000098
:102048000000000000000000000000000000000088
:102058000000000000000000000000000000000078
:102068000000000000000000000000000000000068
:102078000000000000000000000000000000000058
:102088000000000000000000000000000000000048
:102098000000000000000000000000000000000038
:1020A8000000000000000000000000000000000028
:1020B8000000000000000000000000000000000018
:1020C8000000000000000000000000000000000008
:1020D80000000000000000000000000000000000F8
:1020E80000000000000000000000000000000000E8
:1020F80000000000000000000000000000000000D8
:1021080000000000000000000000000000000000C7
:1021180000000000000000000000000000000000B7
:1021280000000000000000000000000000000000A7
:102138000000000000000000000000000000000097
:102148000000000000000000000000000000000087
:102158000000000000000000000000000000000077
:102168000000000000000000000000000000000067
:102178000000000000000000000000000000000057
:102188000000000000000000000000000000000047
:102198000000000000000000000000000000000037
:1021A8000000000000000000000000000000000027
:1021B8000000000000000000000000000000000017
:1021C8000000000000000000000000000000000007
:1021D80000000000000000000000000000000000F7
:1021E80000000000000000000000000000000000E7
:1021F80000000000000000000000000000000000D7
:1022080000000000000000000000000000000000C6
:1022180000000000000000000000000000000000B6
:1022280000000000000000000000000000000000A6
:102238000000000000000000000000000000000096
:102248000000000000000000000000000000000086
:102258000000000000000000000000000000000076
:102268000000000000000000000000000000000066
:102278000000000000000000000000000000000056
:102288000000000000000000000000000000000046
:102298000000000000000000000000000000000036
:1022A8000000000000000000000000000000000026
:1022B8000000000000000000000000000000000016
:1022C8000000000000000000000000000000000006
:1022D80000000000000000000000000000000000F6
:1022E80000000000000000000000000000000000E6
:1022F80000000000000000000000000000000000D6
:1023080000000000000000000000000000000000C5
:1023180000000000000000000000000000000000B5
:1023280000000000000000000000000000000000A5
:102338000000000000000000000000000000000095
:102348000000000000000000000000000000000085
:102358000000000000000000000000000000000075
:102368000000000000000000000000000000000065
:102378000000000000000000000000000000000055
:102388000000000000000000000000000000000045
:102398000000000000000000000000000000000035
:1023A8000000000000000000000000000000000025
:1023B8000000000000000000000000000000000015
:1023C8000000000000000000000000000000000005
:1023D80000000000000000000000000000000000F5
:1023E80000000000000000000000000000000000E5
:0823F8000000000000000000DD
:040000056000100087
:00000001FF
